,0
国企改革,36
地方国企改革,31
旅游,27
职业教育,23
在线教育,19
在线旅游,11
央企国企改革,9
露营经济,8
华为,7
元宇宙,7
体育产业,7
大数据,7
电子商务,7
预制菜,7
虚拟现实,7
数字经济,7
军工,6
食品安全,6
文化传媒,6
土壤修复,5
新冠检测,5
一带一路,5
碳中和,4
MSCI,4
虚拟数字人,4
腾讯,4
上海国企改革,4
K12教育,4
杭州亚运会,4
冬奥会,4
大消费,4
网络直播,4
节能环保,4
智慧政务,3
特高压,3
新零售,3
抖音,3
免税店,3
区块链,3
数据确权,3
信创,3
专精特新,3
芯片,3
人力资源服务,3
世界杯,3
高校,3
网约车,3
医疗器械,3
人工智能,3
NFT,3
西安自贸区,3
陕西自贸区,3
物业管理,3
养老,3
5G,3
广东国企改革,3
体外诊断,3
西咸新区,3
北京国企改革,3
迪士尼,3
阿里巴巴,3
特斯拉,2
婚庆,2
足球,2
社区团购,2
web3.0,2
抗原检测,2
新能源汽车,2
网络游戏,2
环球主题公园,2
6G,2
TMT,2
虚拟导游,2
村镇银行,2
大飞机,2
手机游戏,2
猴痘,2
电子竞技,2
冰雪产业,2
物联网,2
共享经济,2
三胎,2
大连自贸区,2
东北亚经贸中心,2
共同富裕示范区,2
粤港澳大湾区,2
环境监测,2
换电,2
柔性直流输电,2
CRO,2
比亚迪,2
幼儿教育,2
进口博览会,2
IP,2
基因测序,2
知识产权保护,2
奥运会,2
独角兽,2
智能交通,2
健康中国,2
养老金持股,2
托育服务,2
石墨烯,1
节能照明,1
振兴东北,1
锂电池,1
东盟自贸区,1
REITs,1
美丽中国,1
央视财经50,1
成渝特区,1
碳基材料,1
可降解塑料,1
冷链物流,1
VR设备,1
幽门螺杆菌,1
废气处理,1
口罩,1
陶瓷产品,1
人民币贬值受益,1
稀土永磁,1
微信,1
湖南国企改革,1
富勒烯,1
智慧灯杆,1
抗病毒面料,1
深圳国企改革,1
食品包装,1
铝离子电池,1
东数西算（算力）,1
数据中心,1
超清视频,1
海峡两岸,1
电子信息,1
美团,1
跨境电商,1
小额贷款,1
医疗机器人,1
机器人,1
理想汽车,1
小米,1
室外经济,1
江苏国企改革,1
AIGC,1
广东自贸区,1
南沙新区,1
广州旅游,1
成飞,1
核电,1
风电,1
互联网金融,1
新媒体,1
数字出版示范,1
智慧城市,1
石墨烯油墨,1
数字中国,1
音乐产业,1
智能终端,1
云计算,1
智能医疗,1
物联网平台层,1
安徽国企改革,1
京津冀一体化,1
平面媒体,1
住房租赁,1
中概股回归,1
新材料,1
五一出境游,1
消费金融,1
共享办公,1
四川国企改革,1
肝炎,1
湖北国企改革,1
动漫,1
PM2.5,1
中材系,1
光伏建筑一体化,1
碳交易,1
节能减排,1
海南旅游岛,1
海南自贸区,1
游轮,1
金改,1
融资租赁,1
云办公,1
流感,1
数据交易中心,1
数字乡村,1
新型城镇化,1
芯片设计,1
紫光系,1
PPP,1
新基建,1
新疆旅游,1
明星参股,1
影视娱乐,1
天津国企改革,1
超级品牌,1
特色小镇,1
供应链金融,1
新疆振兴,1
军民融合,1
驾驶培训,1
分布式发电,1
中芯国际,1
集成电路,1
智能电网,1
寒武纪,1
北京自贸区,1
生物医药,1
证金持股,1
冬奥纪念品,1
能源互联网,1
钠离子电池,1
百度,1
赛马,1
体育用品,1
互联网彩票,1
建筑节能,1
储能,1
海绵城市,1
装配式建筑,1
塑化剂,1
现代服务业,1
VR平台,1
网络视频,1
物联网应用层,1
年报预增,1
北交所,1
三星,1
西尼罗病毒,1
霍乱,1
金融IC,1
SAAS,1
雄安新区,1
统一大市场,1
触摸屏,1
鸿蒙,1
国产软件,1
横琴新区,1
尾气治理,1
太阳能,1
充电桩,1
ChatGPT,1
白酒,1
