logoid,dr_name
3i-group,3I集团
3m,3M
abb,ABB
abbott,雅培
abbvie,艾伯维
accenture,埃森哲
activision-blizzard,动视暴雪
adidas,阿迪达斯
adnoc-drilling-company-pjsc,ADNOC Gas
adobe,奥多比
advanced-info-service-public-company,AIS通信
advanced-micro-devices,超威半导体
advantech-co-ltd,研华
advantest,爱德万测试
adyen,Adyen
aecom,AECOM
aegon,荷兰全球保险
aena,AENA
aeon,永旺株式会社
aercap,AerCap飞机租赁
aes,爱依斯电力
aflac,美国家庭人寿保险
agco,爱科集团
agilent-technologies,安捷伦
agnico-eagle-mines,伊格尔矿业
agricultural-bank-of-china,农业银行
ahold-delhaize,Ahold Delhaize
aia,友邦保险
aier-eye-hospital,爱尔眼科
airbnb,爱彼迎
airbus,空客
air-china-limited,中国国航
air-products-and-chemicals,空气化工
ajinomoto,味之素
akamai,阿卡迈
aker-bp-asa,Aker BP
akzo-nobel,AkzoNobel
albemarle,美国雅保
albertsons,艾伯森
alcon,爱尔康
alexandria-real-estate-equities,亚历山大房地产
alibaba,阿里巴巴
align-technology,艾利科技
allegion-plc,安朗杰
allegro-microsystems,Allegro MicroSystems
alliant-energy,美国联合能源
allianz,安联保险
allstate,好事达保险
alnylam-pharmaceuticals,Alnylam Pharmaceuticals
alphabet,谷歌
alpha-metallurgical-resources,Coterra Energy
al-rajhi-bank,拉杰赫银行
altria,奥驰亚集团
aluminum-of-china,中国铝业
amadeus,Amadeus
amazon,亚马逊
ambev,Ambev SA
amcor,Amcor
amdocs,Amdocs
amerco,U-Haul Holding
ameren,阿曼瑞恩
america-movil,美洲电信
american-airlines-group,美国航空
american-electric-power,美国电力
american-express,美国运通
american-homes-4-rent,American Homes 4 Rent
american-international-group,美国国际集团
american-tower,美国电塔
american-water-works,美国水业
ameriprise-financial,阿默普莱斯金融
amerisourcebergen,美源伯根
ametek,阿美特克
amgen,安进
amphenol,安费诺
amundi,东方汇理
ana-holdings,ANA控股
analog-devices,亚德诺
anglo-american,英美资源
anheuser-busch-inbev,百威英博
ansys,安西斯
anta-sports,安踏体育
anthem,Elevance Health
antofagasta,安托法加斯塔
aon,怡安保险
apa-corporation,阿帕奇石油
a-p-moller-maersk,马士基
apollo,阿波罗全球管理
apple,苹果
applied-materials,应用材料
applovin,Applovin
aptiv,Aptiv
aramark,Aramark
arcelormittal,ArcelorMittal
arch-capital,艾奇资本
archer-daniels-midland,阿彻丹尼尔斯米德兰
ares-capital,阿瑞斯资本
ares-management,Ares Management
argenx,argenx
arista-networks,Arista Networks
asahi,朝日啤酒
ase-technology-holding,日月光半导体
asian-paints,亚洲涂料
asm-international,ASM
asml,ASML
aspen-technology,艾斯本科技
associated-british-foods,英联食品
astellas-pharma,安斯泰来制药
astrazeneca,阿斯利康
at-and-t,美国电话电报
atlassian,Atlassian
atmos-energy,Atmos Energy
australia-and-new-zealand-banking,澳新银行
autodesk,欧特克
automatic-data-processing,自动数据处理
autozone,汽车地带
avalonbay-communities,艾芙隆海湾社区
avangrid,Avangrid
avantor,Avantor
avery-dennison,艾利丹尼森
axa,安盛保险
axa-equitable-hldgs,安盛公平控股
axis-bank,同心银行
axon-enterprise,Axon Enterprise
baidu,百度
bajaj-auto,巴贾吉汽车
baker-hughes,Baker Hughes
ball,鲍尔包装
banco-bilbao-vizcaya-argentaria,西班牙对外银行
banco-de-chile,智利银行
bandai-namco-holdings,万代南梦宫控股
bank-central-asia,中亚银行
bank-mandiri,万自立银行
bank-of-america,美国银行
bank-of-china,中国银行
bank-of-communications,交通银行
bank-of-montreal,蒙特利尔银行
bank-of-nanjing-co-ltd,南京银行
bank-of-new-york-mellon,纽约梅隆银行
bank-of-ningbo-co,宁波银行
bank-of-nova-scotia,加拿大丰业银行
bank-rakyat-indonesia,印尼人民银行
baoshan-iron-and-steel,宝钢股份
barclays,巴克莱
barrick-gold,巴里克黄金
basf,巴斯夫
baxter,百特国际
bayan-resources-tbk,Bayan能源
bayer,拜耳
bce,加拿大贝尔
becton-dickinson,碧迪医疗
beiersdorf,Beiersdorf
beigene-ltd,百济神州
beigene-ltd-spon-ads-each-repr,百济神州
beijing-shanghai-high-speed-railway,京沪高铁
beijing-wantai-biological-pharmacy-enterprise-co-ltd,万泰生物
bentley-systems,Bentley Systems
berkley-w-r-corp,WR柏克利
berkshire-hathaway,伯克希尔哈撒韦
best-buy,百思买
bhp,必和必拓
bill-com,BILL Holdings
biogen,生化基因
biomarin-pharmaceutical,拜玛林制药
biontech,BioNTech
bio-rad-laboratories,Bio Rad实验室
bio-techne,Bio-Techne
black-knight,Black Knight
blackrock,贝莱德
blackstone,黑石集团
block,Block
blue-owl,Blue Owl Capital
bmw,BMW
boc-hong-kong-ltd,中银香港
boeing,波音
boe-technology-gp,京东方A
booking,Booking Holdings
booz-allen,博思艾伦
borg-warner,博格华纳
boston-scientific,波士顿科学
bp,英国石油
bradesco,布拉德斯科银行
brasileiro-petrobras,巴西石油
bridgestone,普利司通
bristol-myers-squibb,百时美施贵宝
british-american-tobacco,英美烟草
broadcom,博通
broadridge,布罗德里奇金融
brookfield,布鲁克菲尔德
brookfield-asset-management,布鲁克菲尔德资产管理
brown-and-brown,布朗保险
brown-forman,百富门
bruker,布鲁克
btgp,BTG Pactual
bt-group,英国电信集团
budweiser-brewing-company-apac-ltd,百威亚太
builders-firstsource,Builders FirstSource
bunge,邦吉
bunzl,本泽商贸
burberry,博柏利
burlington,伯灵顿百货
byd-electronic,比亚迪
cadence-design-systems,铿腾电子
caesars,凯撒娱乐
caixabank,凯克萨银行
camden-property-trust,卡姆登物业信托
cameco,卡梅科
campari,金巴利
campbell-soup,金宝汤
canadian-imperial-bank-of-commerce,加拿大帝国商业银行
canadian-national-railways,加拿大国家铁路
canadian-natural-resources,加拿大自然资源
canadian-pacific-railway,加拿大太平洋堪萨斯城
canon,佳能
capgemini,凯捷
capitalandinvest,凯德投资
capital-one,第一资本金融
capitamall-trust,凯德商用新加坡信托
cardinal-health,卡地纳健康
carlisle-cos,卡莱尔伙伴
carlsberg-b-a-s,嘉士伯
carmax,车美仕
carnival,嘉年华邮轮
carrefour,家乐福
carrier-global-corporation,Carrier Global
caterpillar,卡特彼勒
cathay-financial,国泰金
cboe-global-markets,芝加哥期权交易所
cbre-group,世邦魏理仕
cdw,CDW
celanese,塞拉尼斯
cellnex-telecom,Cellnex
celltrion,Celltrion
celsius-holdings,燃力士控股
cemex,西麦斯
cenovus,西诺沃斯能源
centene,康西哥
centerpoint-energy,中点能源
centrais-eletr-bras-sa,巴西电力
central-japan-railway,东海旅客铁道
ceridian-hcm,Ceridian HCM Holding
cf-industries,CF实业
cgi,CGI
cgn-power-co-ltd,中国广核
chailease-holding,中租-KY
charles-river-laboratories,查尔斯河
charter,特许通讯
check-point-software-technologies,Check Point Software Technologies
cheniere-energy-partners,Cheniere Energy
chesapeake-energy,切萨皮克能源
chevron,雪佛龙
chewy,Chewy
china-citic-bank-limited,中信银行
china-coal-energy-co-ltd,中煤能源
china-communications-construction-coltd,中国交建
china-construction-bank,建设银行
china-eastern-airlines,中国东航
china-everbright-bank-company-limited,光大银行
china-international-capital-limited,中金
china-life,中国人寿
china-longyuan-power-group-corp-ltd,龙源电力
china-merchants-bank,招商银行
china-merchants-securities-coltd,招商证券
china-merchants-sh,招商蛇口
china-minsheng-bank,民生银行
china-mobile,中国移动
china-national-nuclear-power,中国核电
china-northern-rare-earth-high-tech-coltd,北方稀土
china-overseas-land-and-investmnts,中国海外发展
china-pacific-insurance,中国太保
china-petroleum-and-chemical,中国石化
china-railway-construction,中国铁建
china-railway-limited,中国中铁
china-resources-beer-co,华润啤酒
china-resources-land,华润置地
china-resources-mixc-lifest-svs-ltd,华润万象生活
china-resources-power-hldgs-co,华润电力
china-securities,中信建投
china-shenhua,中国神华
china-southern-airlines,南方航空
china-state-construction-engineering-limited,中国建筑
china-steel,中钢
china-telecom,中国电信
china-three-gorges-renewables,三峡能源
china-tourism-duty-free-limited,中国中免
china-tower,中国铁塔
china-unicom,中国联通
china-united-network-communications,中国联通
china-vanke-co,万科企业
china-yangtze-power-coltd,长江电力
chipotle-mexican-grill,墨式烧烤
chong-qing-changan,长安汽车
chongqing-zhifei-b,智飞生物
chow-tai-fook-jewellery-group-ltd,周大福
ch-robinson,罗宾逊全球物流
chubb,安达保险
chugai-pharmaceutical,中外制药
chunghwa-telecom,中华电信
church-and-dwight,丘奇&德怀特
churchill-downs,Churchill Downs
cigna,信诺
cincinnati-financial,辛辛那提金融
cintas,信达思
cisco,思科
citic-limited,中信股份
citic-sec,中信证券
citigroup,花旗集团
citizens-financial-group,Citizens Financial Group
ck-asset-holdings-ltd,长实集团
ck-hutchison-holding,长和
ck-infrastructure-holdings-limited,长江基建集团
clorox,高乐氏
cloudflare-inc,Cloudflare
clp-holdings-ltd,中电控股
cme,芝加哥商业交易所
cmoc-ltd,洛阳钼业
cms-energy,CMS能源
cna,CNA金融
cnh,CNH Industrial NV
cnooc-limited,中国海油
coal-india,印度煤炭
coca-cola,可口可乐
cognex,康耐视
cognizant,高知特
coinbase,Coinbase Global
colgate-palmolive,高露洁
coloplast-b-a-s,康乐保
comcast,康卡斯特
commerzbank,德国商业银行
commonwealth-bank,澳大利亚联邦银行
compass,康帕斯集团
conagra-brands,康尼格拉
conch-cement,海螺水泥
confluent,Confluent
conocophillips,康菲石油
consolidated-edison,爱迪生联合电气
constellation-brands,星座品牌
constellation-energy,Constellation Energy
contemporary-amper,宁德时代
continental-ag,马牌轮胎
cooper-cos,库珀医疗
copart,科帕特
corebridge-financial-inc,Corebridge Financial
corning,康宁
corteva,Corteva
cosco-shipping,中远海控
costar-group,科斯塔
costco-wholesale,开市客
coty,科蒂
coupang,Coupang
credicorp,Credicorp
credit-agricole,农业信贷银行
crh,CRH水泥
croda,禾大国际
crowdstrike,CrowdStrike Holdings
crown-castle-international,冠城
crown-holdings,皇冠控股
crrc-limited,中国中车
csl,杰特
csx,CSX运输
ctbc-financial-holdings,中信金
ctrip-com-international,携程
cubesmart,CubeSmart
cummins,康明斯
cvs-health,西维斯健康
dai-ichi-life-holdings,第一生命控股
daiichi-sankyo,第一三共
daikin-industries,大金工业
daimler,梅赛德斯奔驰
daimler-truck-hldg-jge-na,戴姆勒卡车
daiwa-house,大和房屋工业
danaher,丹纳赫
danone,达能
danske-bank-a-s,丹斯克银行
darden,达登饭店
darling-ingredients,美国达尔令国际
dassault-aviation,达索航空
dassault-systemes,达索系统
datadog,Datadog
dbs,星展
deckers-outdoor,德克斯户外
deere,迪尔
dell,戴尔科技
delta-air-lines,达美航空
delta-electronic,台达电
denso,电装
deutsche-bank-ag,德意志银行
deutsche-boerse-na-o-n,德意志交易所
deutsche-post-ag,德国邮政
deutsche-telekom,德国电信
devon-energy,戴文能源
dexcom,德康医疗
dfi-retail-group,牛奶国际
diageo,帝亚吉欧
diamondback,Diamondback Energy
dicks-sporting-goods,迪克体育用品
digital-realty-trust-5850-series-k-cumulative-redeemable-preferred-stock-par-value-001-per-share,数字房地产信托
dior,迪奥
disco-corporation,DISCO
discover-financial-services,探索金融服务
dnb-bank-asa,DNB
docusign,DocuSign
dollar-general,达乐
dollar-tree,美元树
dominion-energy,道明尼能源
dominos-pizza,达美乐比萨
doordash,DoorDash
dover,都福
dow,陶氏
draftkings,DraftKings
dr-horton,霍顿房屋
dr-reddys,如瑞迪博士
dsv-a-s,DSV
dte-energy,DTE能源
duke-energy,杜克能源
dupont-de-nemours,陶氏杜邦
dynatrace,Dynatrace
east-japan-railway,东日本旅客铁道
eastman,伊士曼化工
east-money-informa,东方财富
eaton,伊顿
ebay,易趣
ecolab,艺康
ecopetrol,哥伦比亚国家石油
ecoprobm,EcoPro BM
edenred,艾登瑞德
edison-international,爱迪生国际
edwards,爱德华兹生命科学
eicher-motors,Eicher汽车
eisai,卫材
electronic-arts,艺电
eli-lilly,礼来
emaar-properties,伊玛尔地产
emerson,艾默生电气
emirates-telecom-company-etisalat-pjsc,阿联酋电信
enbridge,恩桥
endeavor,Endeavor Group Holdings
endesa,Endesa
enel,意大利国家电力
eneos-holdings,ENEOS控股
energy-transfer,能源转换
engie,Engie
eni,埃尼石油
enn-energy-holdings-ltd,新奥能源
enphase-energy,Enphase Energy
entegris,英特格
entergy,安特吉
enterprise-prods-partners,Enterprise Products Partners LP
eog,EOG能源
e-on,E.ON
epam-sys,EPAM Systems
epiroc-ab-ser-b,Epiroc
eqt,EQT能源
eqt-ab,殷拓集团
equifax,艾可菲
equinix,易昆尼克斯
equinor,Equinor ASA
equity-lifestyle-properties,宜居生活资产信托
equity-residential,公平住屋
ericsson,爱立信
essential-utilities,Essential Utilities
essex-property-trust,埃塞克斯信托
essilorluxottica,EssilorLuxottica
essity-ab-ser-b,爱适瑞
estee-lauder,雅诗兰黛
e-sun-financial,玉山金
etsy,Etsy
eve-energy-co-ltd,亿纬锂能
evergy,Evergy
eversource-energy,能源方案
exact-sciences,精密科学
exelon,爱克斯龙电力
expedia,亿客行
expeditors,康捷国际物流
experian,益百利
extra-space-storage,Extra Space Storage
exxon,埃克森美孚
factset-research-systems,辉盛研究系统
fair-isaac,Fair Isaac
fanuc,发那科
fastenal,快扣
fedex,联邦快递
femsa,Fomento Económico Mexicano SAB de CV
ferguson,弗格森
ferrari,法拉利
ferrovial,法罗里奥
fidelity,富达国民金融
fidelity-information-services,富达国民信息服务
fifth-third-bancorp,五三银行
first-citizens-bancshares,第一公民银行股份
firstenergy,第一能源
first-financial-co-ltd,第一金
first-solar,第一太阳能
fiserv,费哲金融服务
five-below,Five Below
fleetcor-technologies,FleetCor Technologies
flex,伟创力
floor-and-decor,Floor & Decor Holdings
fmc,FMC
ford,福特汽车
ford-otosan,福特Otosan
formosa-chemical,台化
formosa-petrochemical,台塑化
formosa-plastic,台塑
fortescue-metals-group,福特斯克金属
fortinet,防特网
fortis,Fortis
fortive,Fortive
foshan-haitian-flavouring-and-food-company-ltd,海天味业
fox,福克斯
foxconn-industrial-internet,工业富联
franco-nevada,Francoevada
franklin-resources,富兰克林资源
freeport-mcmoran,自由港麦克莫兰
fresenius-medical-care,费森尤斯医疗
fubon,富邦金
fujifilm,富士胶片
fujitsu,富士通
galaxy-ent,银河娱乐
gallagher,亚瑟加拉格尔
gaming-and-leisure-properties,Gaming and Leisure Properties
ganfeng-lithium,赣锋锂业
garmin-ltd,佳明
gartner,加特纳
gazprom,俄罗斯天然气工业
geely-auto,吉利汽车
ge-healthcare-technologies,GE HealthCare Technologies
general-dynamics,通用动力
general-electric,通用电气
generali-assicurazioni,忠利保险
general-mills,通用磨坊
general-motors,通用汽车
genmab-a-s,Genmab
gfl-environmental,GFL Environmental
gilead,吉利德科学
givaudan-n,奇华顿
glaxosmithkline,葛兰素史克
glencore,嘉能可
globalfoundries,GLOBALFOUNDRIES
global-payments,环汇
globe-life,环球人寿
godaddy,GoDaddy
golden-sachs-etf-trust-goldman,高盛
gold-fields,金田
gpc,通用配件
grab,Grab Holdings
graco,固瑞克
grainger,固安捷
greatwall-motor,长城汽车
great-west-lifeco,大西部人寿
gree-elec-applican,格力电器
guangzhou-automobile-group-co-ltd,广汽集团
guotai-junan-securities-co-ltd,国泰君安
haidilao,海底捞
haier-smart-home,海尔智家
haleon-plc,Haleon
halliburton,哈里伯顿
halma,英国豪迈
h-and-m,H&M
hang-seng-bank,恒生银行
hangzhou-hikvision,海康威视
hannover-rueck,汉诺威再保险
hapag-lloyd-ag,赫伯罗特
hartford-financial-services-grp,哈特福德金融
hca-healthcare,HCA Healthcare
hdfc-bank,HDFC银行
healthpeak-properties,Healthpeak Properties
heico,海科航空
heineken,喜力
henan-shuang-inve,双汇发展
henderson-land-development-co,恒基地产
hengli-petrochemical,恒力石化
henkel,汉高
henry-jack-and-associates,杰克亨利
henry-schein,亨利香恩服务
hermes,爱马仕
hershey,好时
hess,赫斯
hewlett-packard-enterprise,慧与
hexagon-ab,Hexagon AB
hilton-worldwide,希尔顿酒店
hitachi,日立
hk-and-china-gas,香港中华煤气
hkex,香港交易所
holcim-n,霍尔希姆
hologic,豪洛捷
home-depot,家得宝
honda,本田
honeywell,霍尼韦尔
hongkongland,置地
hon-hai,鸿海
horizon-pharma,Horizon Therapeutics
hormel-foods,荷美尔食品
host-hotels,HOST酒店及度假村
hotai-motor,和泰车
howmet-aerospace,Howmet Aerospace
hoya,豪雅
hp,惠普
hsbc,汇丰控股
huaneng-lancang-river-hydropower,华能水电
huaneng-power,华能国际
huatai-securities-coltd,华泰证券
huazhu,华住
hubbell,哈勃集团
hubspot,HubSpot
humana,哈门那
huntington-bancshares,亨廷顿银行
hyatt-hotels,凯悦酒店
hyundai,现代
hyundai-heavy-industries,现代重工
hyundai-mobis,现代摩比斯
iberdrola,伊比德罗拉
icahn-enterprises,伊坎企业
icici-bank,印度工业信贷投资银行
icon,ICON
idex,IDEX
idexx-laboratories,IDEXX实验室
ihh,IHH医疗保健
illinois-tool-works,伊利诺伊机械
illumina,Illumina
imperial-brands,帝国烟草
imperial-oil,帝国石油
incyte,因塞特医疗
inditex,Inditex
industrial-and-commercial-bank-of-china,工商银行
industrial-bank-coltd,兴业银行
industries-qatar-qpsc,卡塔尔工业
infineon-technologies,英飞凌
informa,英富曼集团
infosys,Infosys
ing,荷兰国际
ingersoll-rand,英格索兰
inner-mongolia-yili-industrial-coltd,伊利股份
insulet,银休特
intel,英特尔
interactive-brokers-group,盈透证券
intercontinental-exchange,洲际交易所
intercontinental-hotels,洲际酒店
interglobe-aviatio,靛蓝航空
international-bus-mach,IBM国际商业机器
international-flavors-and-fragrances,国际香料香精
international-paper,国际纸业
interpublic-group-cos,埃培智
intesa,联合圣保罗银行
intuit,财捷
intuitive-surgical,直觉外科
investec-ltd,Investec
invitation-homes,Invitation Homes
iqvia,艾昆纬
iron-mountain-incorporated-delaware,铁山
itau-unibanco,伊塔乌联合银行
itochu,伊藤忠商事
jabil,捷普
jacobs-engineering,Jacobs Solutions
james-hardie,詹姆斯哈迪
japan-post,日本邮政
japan-post-bank,日本邮贮银行
japan-tobacco,日本烟草产业
jardine,怡和
ja-solar-technolog,晶澳科技
j-b-hunt,JB亨特运输服务
jd-com,京东
jd-health-international-inc,京东健康
jd-logistics-inc,京东物流
jiangsu-eastern-sh,东方盛虹
jiangsu-hengrui-pharmaceuticals-coltd,恒瑞医药
jiangsu-yanghe-bre,洋河股份
jinko-solar,晶科能源
johnson-and-johnson,强生
johnson-controls,江森自控
joint-stock-commercial-bank-for-foreign-trade-of-vietnam,越南外贸股份商业银行
jpmorgan-chase,摩根大通
jsw,JSW Steel
julius-baer-n,宝盛集团
kakao,Kakao
kansai-electric-power-co,关西电力
kao,花王
kbc-groep-nv,联合银行
kb-financial,KB金融集团
kddi,KDDI株式会社
ke-holdings,贝壳
kellogg,家乐氏
kering,开云(巴黎春天)
keurig-dr-pepper,Keurig Dr Pepper
keycorp,KeyCorp
keyence,基恩士
keysight-technologies,是德科技
kia,起亚
kikkoman,龟甲万
kimberly-clark,金佰利
kimco-realty-hc,金克地产
kinder-morgan,金德摩根
kirin-holdings-company-limited,麒麟啤酒
kkr,KKR &
kla-tencor,科磊
knorr-bremse-ag-inh-o-n,克诺尔集团
komatsu,小松制作所
kone,通力
korea-electric-power,韩国电力
kpn-kon,KPN
kraft-heinz,卡夫亨氏
kroger,克罗格
kuaishou-technology,快手
kubota,久保田
kuehne-nagel,德迅
kyocera,京瓷
kyowa-kirin,协和发酵麒麟
l3-harris,L3Harris Technologies
laboratory-amer,徕博科
lamar-advertising-company,拉马尔户外广告
lamb-weston-hldgs,蓝威斯顿控股
lam-research,拉姆研究
larsen-and-toubro,拉森图博
las-vegas-sands,金沙集团
lattice-semiconductor,莱迪思半导体
legal-and-general,法通保险
legend-biotech,Legend Biotech
leidos-holdings,Leidos Holdings
lennar,莱纳建筑
lennox-international,雷诺士
lenovo,联想集团
lg-energy-solution,LG能源
li,理想汽车
liberty-broadband,Liberty Broadband
liberty-media,Liberty Media Liberty SiriusXM
life-insurance-corporation-of-india,印度人寿
life-storage,Life Storage
lincoln-electric,林肯电气
lindt-n,Lindt
li-ning,李宁
liquide,Air Liquide
lite-on-technology,光宝科
live-nation,Live Nation Entertainment
lkq,LKQ
lloyds,劳埃德银行
lockheed-martin,洛克希德马丁
loews,洛斯保险
logitech-international,罗技
london-stock-exchange,伦敦证券交易所
longfor-group,龙湖集团
longi-green-energy-technology,隆基绿能
lonza-n,龙沙集团
l-oreal,欧莱雅
lowe-s,劳氏
lpl-finl,LPL Financial Holdings
lucid-group,Lucid Group
lufthansa,汉莎航空
lukoil,卢克石油
lululemon-athletica,lululemon athletica
luxshare-precision,立讯精密
luzhou-lao-jiao-co,泸州老窖
lvmh,LVMH
lyondellbasell,利安德巴塞尔工业
m3,M3
macquarie,麦格理银行
magellanlp,麦哲伦油气
magna-international,麦格纳
mahindra,马恒达
malayan-banking,马来亚银行
m-and-t-bank,美国制商银行
manhattan-associates,曼哈顿联合软件
manulife,宏利金融
marathon-oil,马拉松石油
marathon-petroleum,马拉松原油
markel,Markel Group
marriott,万豪国际
marsh-and-mclennan,威达信
martin-marietta,马丁-玛丽埃塔材料
marubeni,丸红
maruti-suzuki-india,马鲁蒂铃木
marvell-tech,迈威尔科技
masco,马斯可木业
mastercard,万事达
match-group-inc,Match Group
mccormick,味好美
mcdonalds,麦当劳
mckesson,麦克森
mediatek,联发科
medtronic,美敦力
mega-financial-holdings,兆丰金
meituan,美团
mengniu-dairy,蒙牛乳业
mercadolibre,MercadoLibre
merck-and-co,默沙东
merck-kgaa,默克集团
meta-platforms,Meta Platforms
metlife,大都会人寿
mettler-toledo-international,梅特勒-托利多
mgm-resorts,美高梅
michelin,米其林
microchip-technology,微芯科技
micron-technology,美光科技
microsoft,微软
mid-america-apartment-communities,MAA房产信托
midea,美的集团
mitsubishi,三菱
mitsubishi-group,三菱日联金融
mitsui-and-co,三井物产
mitsui-fudosan,三井不动产
mizuho,瑞穗金融
mobileye-global,Mobileye Global
moderna,Moderna
molina-healthcare,Molina Healthcare
molson-coors,摩森康胜
moncler,Moncler
mondelez,亿滋国际
mongodb,MongoDB
monolithic-power-system,Monolithic Power Systems
monster-beverage,怪物饮料
moodys,穆迪
morgan-stanley,摩根士丹利
mosaic,美盛
motorola-solutions,摩托罗拉解决方案
moutai,贵州茅台
mplx-lp,MPLX LP
ms-and-ad-insurance-group-holdings,MS&AD保险
msci,明晟
mtr,港铁
munichre,慕尼黑再保险
murata-manufacturing,村田制作所
muyuan-foods-co-lt,牧原股份
nan-ya,南亚
nari-technology,国电南瑞
nasdaq,纳斯达克
naspers,Naspers
national-australia-bank,澳洲国民银行
national-grid,英国国家电网
naturgy,Naturgy
natwest-group,NatWest Group
naura-technology-g,北方华创
naver,Naver
nec,日本电气
neste,纳斯特
nestle,雀巢
netapp,美国网存
netease,网易
netflix,奈飞
new-china-life-ins-co-ltd,新华保险
newmont,纽蒙特
news-corporation,新闻集团
nexon,乐线
next,耐斯特
nextera-energy,新纪元能源
nice,NICE
nidec,尼得科
nike,耐克
nintendo,任天堂
nio,蔚来
nippon-paint-holdings,立邦涂料
nippon-steel-and-sumitomo-metal,日本制铁
nippon-tel,日本电信电话
nippon-yusen-kaisha,日本邮船
nisource,尼索思
nissan,日产
nitori-holdings,宜得利控股
nitto-denko,日东电工
nn-group,NN Group
nokia,诺基亚
nomura,野村控股
nomura-research-institute,野村综合研究所
nongfu-spring-co-ltd,农夫山泉
nordson,诺信
norfolk-southern,诺福克南方
northern-trust,北方信托
northrop-grumman,诺斯罗普-格鲁曼
nortonlifelock,Gen Digital
novartis,诺华
novatek,诺瓦泰克
novo-nordisk,诺和诺德
ntt-data,NTT数据
nucor,纽柯钢铁
nu-holdings,Nu Holdings
nutrien,Nutrien
nvidia,英伟达
nvr,NVR
nxp-semiconductors,恩智浦半导体
obic,OBIC
ocbc,华侨银行
occidental-petroleum,西方石油
okta,Okta
old-dominion,Old Dominion Freight Line
olympus,奥林巴斯
omnicom-group,宏盟集团
omron,欧姆龙
oneok,欧尼克
onesmart-intl-ed-grp,Meta Data
on-holding,On Holding AG
on-semiconductor,安森美半导体
open-text,Open Text
oracle,甲骨文
orange,法国电信
o-reilly-auto,奥莱利
oriental-land-co,东方乐园
orix,欧力士
orsted,沃旭能源
otis-worldwide,Otis Worldwide
otsuka,大冢制药
ovintiv,Ovintiv
owens-corning,欧文斯科宁
paccar,帕卡
packaging-of-america,美国包装
palantir,Palantir Technologies
palo-alto-networks,派拓网络
panasonic,松下电器
paribas,法国巴黎银行
parker-hannifin,派克汉尼汾
partners-n,合众集团
paychex,沛齐
paycom-software,Paycom Software
paylocity,Paylocity Holding
paypal,PayPal Holdings
pembina-pipeline,Pembina Pipeline
penske-automotive-group,潘世奇汽车
pentair,滨特尔
penumbra,Penumbra
pepsico,百事
perkinelmer,Revvity
pernod,保乐力加
petrochina,中国石油
pfizer,辉瑞
pg-and-e,太平洋煤气电力
philip-morris,菲利普莫里斯国际
philips,飞利浦
phillips-66,Phillips 66
picc-property-and-casualty-co,中国财险
pinduoduo,拼多多
ping-an,中国平安
pinterest,Pinterest
pioneer-natural-resources,先锋自然资源
plains-all-american-pipeline-lp,Plains All American Pipeline LP
pnc-financial,PNC金融服务集团
poly-developments-and,保利发展
pool,Pool
porsche-automobil-holding,保时捷
posco,浦项钢铁
posco-chemical,浦项化学
power-assets-holdings-ltd,电能实业
ppg-industries,PPG工业
ppl,PPL能源
prada-group,普拉达
principal,信安金融
procore,Procore Technologies
procter-and-gamble,宝洁
progressive-ohio,前进保险
prologis,安博
prosus,Prosus
prudential,保诚
psbc,邮储银行
ptc,PTC
ptt-public-company-limited,泰国国家石油
public-service-enterprise,公共服务企业
public-storage,大众仓储
pulte-group,普得集团(帕尔迪)
pure-storage,Pure Storage
qiagen-nv,快而精医药
qinghai-salt-lake,盐湖股份
qorvo,Qorvo
qualcomm,高通
quanta-computer,广达
quanta-services,广达服务
quest-diagnostics,奎斯特诊疗
raymond-james,瑞杰金融
raytheon,雷神技术
realty-income,Realtyome
reckitt,利洁时
recruit,瑞可利控股
regal-beloit,Regal Rexnord
regency-centers,Regency Centers
regeneron-pharmaceuticals,再生元制药
regions-financial,地区金融
reliance-industrial-infrastructure,信实工业
reliance-steel-and-aluminium,Reliance Steel & Aluminum
relx,RELX
renaissancere,RenaissanceRe Holdings
renault,雷诺
renesas-electronics,瑞萨电子
rentokil-initial,能多洁
republic-services,共和废品处理
resmed,瑞思迈
resona-holdings,里索那控股
restaurant-brands-international,餐饮品牌国际
retailing,迅销
rexford-industrial-realty-5625-series-c-cumulative-redeemable-preferred-stock-par-value-001-per-share,Rexford Industrial Realty
richemont-n,历峰
rio-tinto,力拓
ritchie-bros-auctioneers,RB Global
rivian,Rivian Automotive
robinhood,Robinhood Markets
roblox,Roblox
roche,罗氏
rocket-companies,Rocketmpanies
rockwell-automation,罗克韦尔自动化
rogers-communications,罗杰斯通信
roku,Roku
rollins,Rollins
rolls-royce,劳斯莱斯
rongsheng-petro-ch,荣盛石化
roper-technologies,儒博实业
rosneft,俄罗斯石油
ross-stores,罗斯百货
rowe-price,普信集团
royal-bank-of-canada,加拿大皇家银行
royal-caribbean-cruises,皇家加勒比邮轮
royalty-pharma,Royalty Pharma
rpm-international,RPM International
rwe,RWE AG
ryanair,瑞安航空
ryan-specialty-group,Ryan Specialty Holdings
safran,赛峰
sage-group,赛捷集团
saia,Saia
saic-motor,上汽集团
salesforce,赛富时
samsara,Samsara
samsung,三星
s-and-p-global,标普全球
sands-china,金沙中国有限
sanofi,赛诺菲
santander,西班牙国际银行
sany-heavy-industry-coltd,三一重工
sap,SAP
sartorius,Sartorius
saudi-arabian-oil,沙特阿美
saudi-basic,沙特基础工业
saudi-british-bank,沙特英国银行
saudi-national-bank,沙特国家银行
saudi-telecom-co,沙特电信
sba-communications,SBA通信
sberbank,俄罗斯联邦储蓄银行
schindler-n,迅达集团
schlumberger,斯伦贝谢
schneider,施耐德电气
schwab,嘉信理财
sd-gold,山东黄金
sdic-power-co-ltd,国投电力
seagate,希捷科技
sea-limited,Sea
seattle-genetics,Seagen
secom,SECOM
segro-plc,思格卢
sekisui-house,积水房屋
semiconductor-manufacturing-international,中芯国际
sempra-energy,桑普拉能源
servicenow,现在服务
seven-and-i-holdings,7&I控股
sf-co,顺丰控股
shaanxi-coal-industry-company-limited,陕西煤业
shanghai-baosight-software,宝信软件
shanghai-fosun-pharmaceutical-co-ltd,复星医药
shanghai-international-port-co-ltd,上港集团
shanghai-pudong-development-bank,浦发银行
shanxi-xinghuacun-fen-wine-factory-coltd,山西汾酒
shell,壳牌
shenzhen-inovance,汇川技术
shenzhen-mindray-b,迈瑞医疗
shenzhou-intl,申洲国际
sherwin-williams,宣伟
shimano,禧玛诺
shin-etsu-chemical,信越化学
shinhan-financial,新韩金融
shionogi,盐野义制药
shiseido,资生堂
shopify,Shopify
siemens,西门子
siemens-energy,西门子能源
siemens-health-ag-na-o-n,西门子医疗
sika,西卡
simon-property,西蒙地产
singapore-airlines,新加坡航空
singtel,新电信
sirius-xm,天狼星XM
skandinaviska-enskilda-banken-ser-a,北欧斯安銀行
sk-innovation,SK Innovation
sk-telecom,SK海力士
skyworks-solutions,思佳讯
smc,SMC
smith-and-nephew,施乐辉
smith-a-o,A.O.史密斯
sm-prime,SM集团
smucker,JM斯马克
snap,Snap
snap-on,实耐宝
snowflake,Snowflake
societe-generale,法国兴业银行
softbank,软银
solaredge-technologies,SolarEdge Technologies
sompo-holdings,损保控股
sony,索尼
southern,南方电力
southern-copper,南方铜业
southwest,西南航空
splunk,Splunk
spotify-technology,Spotify Technology SA
sqm,智利矿业化工
ss-and-c,SS&C Technologies Holdings
sse-plc,苏格兰和南方能源
standard-chartered,渣打集团
stanley-black-and-decker,史丹利百得
starbucks,星巴克
state-bank,印度国家银行
state-street,道富
steel-dynamics,Steel Dynamics
stellantis,Stellantis
steris,思泰瑞医疗
stmicroelectronics,意法半导体
stora-enso,芬兰斯道拉恩索
straumann-n,Straumann
stryker,史赛克
subaru,斯巴鲁
sumitomo,住友商事
sumitomo-mitsui,三井住友金融
sumitomo-mitsui-trust-holdings,三井住友信託控股
sumitomo-realty-and-development,住友不动产
sun-communities,Sunmmunities
suncor-energy,森科能源
suncorp-group-limited,新却集团
sun-hung-kai-properties-ltd,新鸿基地产
sun-life,永明金融
sunny-optical,舜宇光学科技
suntory,三得利
super-micro-computer,超微电脑
suzano,Suzano SA
suzuki,铃木
svenska-handelsbanken-ser-a,瑞典商业银行
swatch-group,Swatch
swedbank-ab-ser-a,瑞典银行
swire-properties-ltd,太古地产
swisscom-n,瑞士电信
swiss-life-ag-n,瑞士人寿
swiss-re-n,瑞士再保险
synchrony,Synchrony Financial
synopsys,新思科技
sysco,西斯科
sysmex,希森美康
taiwan-cooperative-financial-hldgs,合库金
taiwan-semiconductor,台积电
takeda,武田制药
take-two-interactive-software,Take-Two Interactive Software
talanx,Talanx
tapestry,Tapestry
targa-resources,Targa Resources
target,塔吉特
tata,印度塔塔
tc-energy,TC Energy
tcl-technology-gro,TCL科技
tdk,TDK
techtronic-ind,创科实业
teck-resources,泰克资源
te-connectivity,泰科电子
teledyne-technologies,Teledyne Technologies
teleflex,泰利福
telefonica,西班牙电信
telekom-indonesia,印尼电信
telus,泰勒斯
tenaris,泰纳瑞斯钢铁
tencent,腾讯控股
tencent-music-entertainment,腾讯音乐
teradyne,泰瑞达
terumo,泰尔茂
tesco,乐购
tesla,特斯拉
texas-instruments,德州仪器
texas-pacific-land-corporation,Texas Pacific Land
textron,德事隆
tfi-international,TFI International
thaibev,泰国酿酒
thales,Thales
the-carlyle-group,凯雷集团
the-people-s-insurance-company-of-china-limited,中国人保
thermo-fisher-scientific,赛默飞世尔科技
the-trade-desk,The Trade Desk
thomson-reuters,汤森路透
tianjin-zhonghua,TCL中环
tianqi-lithium-corp,天齐锂业
tjx-cos,The TJXmpanies
t-mobile,T-Mobile US
toast,Toast
tokio-marine,东京海上控股
tokyo-electron,东京电子
tongwei-coltd,通威股份
toronto-dominion-bank,多伦多道明银行
toshiba,东芝
total,道达尔
toyota,丰田
toyota-industries,丰田自动织机
toyota-tsusho,丰田通商
tractor-supply,拖拉机供应
tradeweb,Tradeweb Markets
trane-technologies,特灵科技
transdigm-group,TransDigm Group
transunion,TransUnion
traton-se-inh-o-n,Traton
travelers,旅行者保险
trimble,天宝导航
trina-solar,天合光能
truist-financial,Truist Financial
tsingtao-brew,青岛啤酒
turk-hava-yollari,土耳其航空
twilio,Twilio
tyler-technologies,泰勒科技
tyson-foods,泰森食品
uber,优步
ubiquiti-networks,优倍快
ubs-group,瑞银集团
ucb,优时比
udr,UDR不动产信托
uipath,UiPath
ulta-beauty,ULTA美妆
unicharm,娇联
unicredit,裕信银行
unilever,联合利华
union-pacific,联合太平洋
uniper-se-na-o-n,Uniper
uni-president,统一
united-airlines,联合航空
unitedhealth,联合健康
united-micro-electronics,联华电子
united-parcel,联合包裹服务
united-rentals,联合租赁
united-therapeutics,联合治疗
unity,Unity Software
universal-music-group-n-v,环球音乐集团
uob,大华银行
us-bancorp,美国合众银行
us-foods,美国食品控股
vale,淡水河谷
valero-energy,瓦莱罗能源
vantage-towers-ag-na-o-n,Vantage Towers
veeva-systems,Veeva Systems
ventas,芬塔
veolia-environnement,Veolia
verisign,威瑞信
verisk-analytics,Verisk分析
verizon,威瑞森通讯
vertex-pharmaceutical,福泰制药
vertiv-holdings,Vertiv Holdings
vestas,维斯塔斯
viacomcbs,派拉蒙全球
viatris,Viatris
vici-properties,VICI Properties
vinci,万喜
vinhomes,Vinhomes
visa,维萨
vmware,威睿
vodafone,沃达丰
volkswagen,大众
volvo-car,沃尔沃
vonovia,福诺菲亚
vulcan-materials,火神材料
wabtec,美国西屋制动
walgreens-boots-alliance,沃尔格林-联合博姿
walmart,沃尔玛
walt-disney,迪士尼
wanhua-chemical-coltd,万华化学
warner-bros-discovery,华纳兄弟探索
waste-connections-ca,Wastennections
waste-management,美国废物管理
waters,沃特世
watsco,华斯科
wec-energy,WEC能源
weichai-power-company-ltd,潍柴动力
wells-fargo,富国银行
welltower-indrn,Welltower
wens-foodstuff-gro,温氏股份
western-digital,西部数据
western-midstream-partners,Western Midstream Partners LP
west-japan-railway,西日本旅客铁道
westlake-chemical,Westlake
westpac,西太平洋银行
west-pharmaceutical-services,西氏医药服务
weyerhaeuserdrn,惠好
wharf-real-estate-investment-co-ltd,九龙仓置业
wheaton-precious-metals,惠顿贵金属
williams,威廉姆斯
willis-towers-watson,Willis Towers Watson
will-semiconductor-co-ltd-shanghai,韦尔股份
wilmar,丰益国际
wipro,维布络
wistron,纬创
wiwynn,纬颖
wmg,华纳音乐
wolters-kluwer,威科集团
woodside-petroleum,Woodside Energy Group
workday,Workday
w-p-carey,W. P. Carey
wpp,WPP集团
wuliangye-yibin-co,五粮液
wuxi-apptec,药明康德
wuxi-bio,药明生物
wynn-resorts,永利度假村
xcel-energy,埃克西尔能源
xiaomi,小米集团
xp,XP
xpeng,小鹏汽车
xylem,赛莱默
yahoo-japan,Z控股
yakult-honsha,养乐多本社
yankuang-energy-company-limited,兖矿能源
yaskawa-electric,安川电机
yihai-kerry-arawh,金龙鱼
ypf,阿根廷YPF
yum-brands,百胜餐饮
yum-china-holdings,百胜中国
yunnan-energy-new,恩捷股份
zebra,斑马技术
zhangzhou-pientzehuang-pharmaceutical-coltd,片仔癀
zijin-mining,紫金矿业
zillow-group,Zillow Group
zimmer-biomet,捷迈邦美
zoetis,硕腾
zoominfo,ZoomInfo Technologies
zoom-video-communications,Zoom Video通讯
zscaler,Zscaler
zte,中兴通讯
zto-express-cayman,中通快递
zurich,苏黎世保险
