股票代码,证券名称,所属概念,港股@总市值
80700.HK,腾讯控股-R,,2.5937E+12
0700.HK,腾讯控股,"AIGC,CDR,云办公,云计算,互联网+,互联网保险,互联网出海,互联网医疗,互联网金融,人工智能,元宇宙,创投,区块链,双十一,工业互联网,手机游戏,教育服务,数据中心,新经济,新经济,无人驾驶,智慧城市,智能医疗,物联网,特斯拉,电子商务,知名公司,短视频,移动互联网,移动支付,粤港澳,网络安全,网络游戏,网络直播,虚拟现实,金融科技",2.54658E+12
1398.HK,工商银行,"内银股,国企改革",1.95258E+12
0857.HK,中国石油股份,"一带一路,充电桩股,国企改革,天然气,石油股,页岩气",1.76829E+12
1288.HK,农业银行,"内银股,国企改革",1.60269E+12
80941.HK,中国移动-R,,1.51912E+12
0941.HK,中国移动,"5G,CDR,F5G,人工智能,华为,富士康,数据中心,新经济,电信股,知名公司,移动互联网,红筹股",1.49537E+12
89988.HK,阿里巴巴-SWR,,1.47478E+12
9988.HK,阿里巴巴-SW,"AIGC,云办公,云计算,元宇宙,冬奥会,同股不同权,回港中概股,数据中心,新经济,电子商务,知名公司,网络直播,蚂蚁集团",1.45166E+12
3988.HK,中国银行,"内银股,国企改革,知名公司,财产管理",1.32164E+12
0939.HK,建设银行,"内银股,国企改革,知名公司,财产管理",1.24358E+12
0005.HK,汇丰控股,"知名公司,财产管理,香港,香港银行股",1.1202E+12
80883.HK,中国海洋石油-R,,9.15019E+11
0883.HK,中国海洋石油,"天然气,石油股,红筹股,页岩气",9.01336E+11
3968.HK,招商银行,"内银股,国企改革,知名公司,财产管理",8.55912E+11
1088.HK,中国神华,"meitanhk,国企改革,碳中和,超超临界发电",8.27424E+11
0386.HK,中国石油化工股份,"一带一路,冬奥会,国企改革,天然气,氢能源,知名公司,石化股,石油股,页岩气,高股息",7.8369E+11
82318.HK,中国平安-R,,7.73491E+11
2318.HK,中国平安,"互联网医疗,保险,内险股,国企改革,新经济,知名公司,金融科技,阿里巴巴",7.69497E+11
2628.HK,中国人寿,"保险,内险股,国企改革,蚂蚁集团",7.37777E+11
6288.HK,迅销,"品牌服饰,外国公司",7.19179E+11
81299.HK,友邦保险-R,,7.06747E+11
1299.HK,友邦保险,"互联网保险,保险,智能医疗,知名公司",6.94559E+11
81211.HK,比亚迪股份-R,,5.84651E+11
1211.HK,比亚迪股份,"新经济,新能源汽车,无人驾驶,燃料电池,特斯拉,碳中和,锂电池",5.82157E+11
9999.HK,网易-S,"互联网出海,元宇宙,回港中概股,手机游戏,电子商务,知名公司,网络游戏,网络直播",5.75968E+11
0728.HK,中国电信,"5G,F5G,互联网+,人工智能,华为,国企改革,数据中心,新经济,智慧城市,电信股,知名公司,移动互联网",5.65235E+11
83690.HK,美团-WR,,5.34413E+11
3690.HK,美团-W,"MSCI,同股不同权,新经济,独角兽,电子商务,知名公司,腾讯,节假日",5.2808E+11
1658.HK,邮储银行,"MSCI,内银股,知名公司",5.07834E+11
9633.HK,农夫山泉,"知名公司,非酒精饮料",4.66728E+11
3328.HK,交通银行,"内银股,国企改革",4.57364E+11
2899.HK,紫金矿业,"国企改革,涉矿,碳中和,贸易战股,金属铅,金属锌",4.21991E+11
0945.HK,宏利金融-S,"保险,外国公司,高股息",3.36601E+11
81810.HK,小米集团-WR,,3.3414E+11
1810.HK,小米集团-W,"F5G,MSCI,互联网出海,人工智能,元宇宙,同股不同权,小米,新IT,新经济,机器人,物联网,独角兽,电子商务,电讯设备,知名公司",3.28388E+11
6030.HK,中信证券,"中信系,中资券商股,国企改革,腾讯,财产管理",3.17214E+11
2015.HK,理想汽车-W,"双重主要上市中概股,同股不同权,回港中概股,新能源汽车,知名公司",3.07056E+11
0998.HK,中信银行,"中信系,内银股,国企改革,知名公司",3.02842E+11
80388.HK,香港交易所-R,,3.01716E+11
89618.HK,京东集团-SWR,,2.98647E+11
0388.HK,香港交易所,"数据中心,现代服务业,知名公司",2.96927E+11
9618.HK,京东集团-SW,"同股不同权,回港中概股,电子商务,知名公司",2.94438E+11
89888.HK,百度集团-SWR,,2.7268E+11
9888.HK,百度集团-SW,"AIGC,NFT,互联网出海,元宇宙,同股不同权,回港中概股,数据中心,比亚迪,知名公司,网络直播",2.69032E+11
6690.HK,海尔智家,"家用电器,新IT,知名公司",2.48876E+11
2328.HK,中国财险,"保险,内险股,国企改革",2.45115E+11
9961.HK,携程集团-S,"回港中概股,旅游及观光,知名公司,节假日",2.33903E+11
0267.HK,中信股份,"F5G,中信系,冬奥会,红筹股,腾讯,航空股,财产管理",2.3214E+11
80016.HK,新鸿基地产-R,,2.29869E+11
1339.HK,中国人民保险集团,"保险,内险股,国企改革",2.28841E+11
2601.HK,中国太保,"保险,内险股,国企改革,蚂蚁集团",2.28323E+11
0016.HK,新鸿基地产,"现代服务业,蓝筹地产股,香港房地产,香港",2.26462E+11
82388.HK,中银香港-R,,2.26447E+11
2388.HK,中银香港,"国企改革,香港银行股",2.23086E+11
82020.HK,安踏体育-R,,2.14401E+11
2378.HK,保诚,"保险,外国公司,知名公司",2.14337E+11
2020.HK,安踏体育,"体育,体育用品股,冬奥会,双十一,品牌服饰,知名公司",2.12022E+11
1816.HK,中广核电力,"国企改革,新经济,核电,核电核能,碳中和",2.0611E+11
81024.HK,快手-WR,,2.06085E+11
1766.HK,中国中车,"一带一路,国企改革,知名公司,高铁",2.03813E+11
1024.HK,快手-W,"互联网出海,元宇宙,同股不同权,知名公司,短视频,网络直播",2.03148E+11
0981.HK,中芯国际,"新IT,新经济,物联网,电子信息,知名公司,紫光系,红筹股,芯片替代,高校",2.02343E+11
6818.HK,中国光大银行,"光大系,内银股,国企改革,财产管理",1.98245E+11
1171.HK,兖矿能源,"meitanhk,国企改革,碳中和",1.93059E+11
1880.HK,中国中免,,1.83318E+11
1988.HK,民生银行,内银股,1.8198E+11
82333.HK,长城汽车-R,,1.80329E+11
2333.HK,长城汽车,"宁德时代,新经济,新能源汽车,无人驾驶,汽车制造,汽车热管理",1.80117E+11
1919.HK,中远海控,"MSCI,一带一路,国企改革,自由贸易港",1.7761E+11
2888.HK,渣打集团,"知名公司,香港,香港银行股",1.75161E+11
0669.HK,创科实业,"家用电器,电子信息",1.73114E+11
0762.HK,中国联通,"5G,F5G,互联网+,冬奥会,华为,国企改革,数据中心,新经济,特斯拉,电信股,知名公司,移动互联网,红筹股",1.72879E+11
6066.HK,中信建投证券,中资券商股,1.72057E+11
0027.HK,银河娱乐,"博彩,知名公司",1.70789E+11
1928.HK,金沙中国有限公司,博彩,1.69152E+11
0788.HK,中国铁塔,"5G,充电桩股,华为,卫星导航,知名公司",1.68968E+11
80011.HK,恒生银行-R,,1.67983E+11
0011.HK,恒生银行,"知名公司,财产管理,香港,香港银行股",1.65183E+11
2359.HK,药明康德,"CXO,健康产业,医疗器械,医药股",1.64694E+11
0390.HK,中国中铁,"一带一路,冬奥会,国企改革,基础建设,知名公司,高铁",1.63622E+11
1913.HK,普拉达,"外国公司,奢侈品股",1.63509E+11
1898.HK,中煤能源,"meitanhk,MSCI,国企改革,碳中和",1.61678E+11
0002.HK,中电控股,天然气,1.60935E+11
1876.HK,百威亚太,"啤酒,节假日",1.58391E+11
1109.HK,华润置地,"内地房地产,华润系,知名公司,红筹股",1.57237E+11
0066.HK,港铁公司,"物业投资,知名公司,香港",1.56673E+11
0001.HK,长和,"小米,知名公司,长和系,香港",1.55117E+11
2338.HK,潍柴动力,"国企改革,氢能源,汽车制造",1.53054E+11
3993.HK,洛阳钼业,"国企改革,宁德时代,小金属,碳中和,金属铅,金属锌,金属镍",1.52381E+11
0763.HK,中兴通讯,"5G,京东,人工智能,信息安全,国企改革,数字经济,新IT,新经济,智能穿戴,物联网,电讯设备,知名公司,移动支付,紫光系,网络安全,芯片替代",1.47464E+11
1698.HK,腾讯音乐-SW,,1.40032E+11
0902.HK,华能国际电力股份,"国企改革,绿色电力,超超临界发电,钙钛矿电池",1.37206E+11
6160.HK,百济神州,"创新药,双重主要上市中概股,回港中概股,抗癌,知名公司,肝炎",1.36611E+11
2611.HK,国泰君安,中资券商股,1.35361E+11
6886.HK,华泰证券,"中资券商股,国企改革,财产管理,阿里巴巴",1.32203E+11
0916.HK,龙源电力,"国企改革,新经济,碳中和,绿色电力,风电",1.30383E+11
2057.HK,中通快递-W,"同股不同权,回港中概股,物流",1.29734E+11
1113.HK,长实集团,"知名公司,蓝筹地产股,长和系,香港房地产,香港",1.28995E+11
9987.HK,百胜中国,"冬奥会,回港中概股,餐饮连锁",1.28986E+11
0914.HK,海螺水泥,"国企改革,建材水泥股,碳中和",1.27595E+11
3908.HK,中金公司,"MSCI,中资券商股,腾讯,财产管理,阿里巴巴",1.27405E+11
1800.HK,中国交通建设,"一带一路,冬奥会,国企改革,基础建设,高铁",1.25566E+11
3606.HK,福耀玻璃,"光伏太阳能,比亚迪,特斯拉,碳中和",1.23837E+11
2423.HK,贝壳-W,"双重主要上市中概股,回港中概股,房地产服务,知名公司",1.22584E+11
6099.HK,招商证券,中资券商股,1.22252E+11
80992.HK,联想集团-R,,1.21088E+11
0992.HK,联想集团,"5G,人工智能,数据中心,新IT,新经济,智能穿戴,知名公司,红筹股,芯片替代",1.19085E+11
1186.HK,中国铁建,"一带一路,内地房地产,国企改革,基础建设,高铁",1.17603E+11
1929.HK,周大福,"奢侈品股,知名公司,香港",1.16657E+11
9901.HK,新东方-S,"K12教育,回港中概股,教育服务,知名公司",1.16336E+11
6806.HK,申万宏源,,1.14789E+11
1038.HK,长江基建集团,"知名公司,长和系",1.14642E+11
2600.HK,中国铝业,"国企改革,涉矿,稀土永磁,铁矿石,铝",1.14631E+11
0688.HK,中国海外发展,"充电桩股,租售同权,红筹股,香港房地产",1.14483E+11
1787.HK,山东黄金,黄金,1.13627E+11
0003.HK,香港中华煤气,"天然气,宁德时代,生物质能发电,节能环保",1.11213E+11
0753.HK,中国国航,"人民币升值,国企改革,知名公司,航空股",1.11076E+11
6881.HK,中国银河,"中资券商股,国企改革,财产管理",1.10775E+11
2202.HK,万科企业,"内地房地产,冬奥会,国企改革,知名公司,租售同权",1.10531E+11
6837.HK,海通证券,"中资券商股,国企改革,财产管理",1.10188E+11
80291.HK,华润啤酒-R,,1.0973E+11
0291.HK,华润啤酒,"华润系,啤酒,红筹股,节假日",1.08031E+11
0012.HK,恒基地产,"天然气,蓝筹地产股,香港房地产,香港",1.07479E+11
1519.HK,极兔速递-W,次新股,1.05746E+11
1776.HK,广发证券,"中资券商股,国企改革",1.05688E+11
0006.HK,电能实业,"知名公司,长和系",98989834403
1055.HK,中国南方航空股份,"人民币升值,国企改革,知名公司,航空股",96403274751
2313.HK,申洲国际,品牌服饰,95454622210
0168.HK,青岛啤酒股份,"啤酒,国企改革,知名公司,节假日",94341056178
86618.HK,京东健康-R,,92583245937
1972.HK,太古地产,"物业投资,租赁,香港",91611000000
6618.HK,京东健康,"互联网医疗,京东,抗疫",91208692175
1179.HK,华住集团-S,"回港中概股,节假日,连锁酒店",88819793648
0836.HK,华润电力,"华润系,比亚迪,碳中和,红筹股,绿色电力,超超临界发电,风电",87838702692
9696.HK,天齐锂业,"比亚迪,特斯拉,知名公司,锂电池",87629315225
1336.HK,新华保险,"保险,内险股,国企改革,蚂蚁集团",87459389170
80175.HK,吉利汽车-R,,86480893062
0175.HK,吉利汽车,"CDR,宁德时代,新经济,新能源汽车,知名公司",84934947313
3996.HK,中国能源建设,"土壤修复,氢能源,现代服务业,超超临界发电",84291836607
0087.HK,太古股份公司B,"航空股,非酒精饮料,高股息",83126235375
0019.HK,太古股份公司A,"租赁,航空股,非酒精饮料,高股息",83126235375
3692.HK,翰森制药,肝炎,83066900980
0004.HK,九龙仓集团,"知名公司,租赁,香港房地产,香港",82818340562
0316.HK,东方海外国际,"物流,自由贸易港,高股息",82744774114
1997.HK,九龙仓置业,"租赁,香港",81219080997
2238.HK,广汽集团,"国企改革,宁德时代,新经济,新能源汽车,知名公司",80144480397
2016.HK,浙商银行,内银股,79368241362
6862.HK,海底捞,"独角兽,知名公司,节假日,餐饮连锁",78370440000
0670.HK,中国东方航空股份,"MSCI,人民币升值,国企改革,航空股",78301151973
1772.HK,赣锋锂业,"比亚迪,特斯拉,碳中和,锂电池",77278514867
9866.HK,蔚来-SW,"回港中概股,新能源汽车,知名公司,腾讯",76758068612
6178.HK,光大证券,"中资券商股,光大系",75618698981
3958.HK,东方证券,中资券商股,74451090621
9880.HK,优必选,次新股,74387608390
2269.HK,药明生物,"CAR-T,CXO,MSCI,创新药,医药股,新经济,知名公司",74264979871
1157.HK,中联重科,"一带一路,国企改革,重型机械股",71867668928
2319.HK,蒙牛乳业,"三胎,乳业,知名公司",71464912036
2688.HK,新奥能源,"天然气,绿色电力",71153698688
1093.HK,石药集团,"CAR-T,创新药,医药股,抗疫,抗癌,新经济,生物医药,红筹股",70824157405
0083.HK,信和置业,"物业投资,蓝筹地产股,香港房地产,香港,高股息",70811062705
6823.HK,香港电讯-SS,"电信股,移动互联网,长和系",70643198553
1618.HK,中国中冶,"MSCI,一带一路,内地房地产,冬奥会,国企改革,土壤修复,基础建设,生物质能发电,金属铅,金属锌,金属镍",70431798849
1071.HK,华电国际电力股份,"MSCI,国企改革,绿色电力,超超临界发电",70058138695
9868.HK,小鹏汽车-W,"双重主要上市中概股,同股不同权,回港中概股,宁德时代,新能源汽车,汽车热管理,知名公司",69246193662
2607.HK,上海医药,"健康产业,创新药,医疗器械,医药股,国企改革,幽门螺杆菌,新经济,熊去氧胆酸,生物医药",67575079904
0285.HK,比亚迪电子,"MSCI,抗疫,新IT,新经济,比亚迪,烟草,特斯拉,电子信息,电讯设备,知名公司,苹果,锂电池",67032833875
1378.HK,中国宏桥,"新材料,碳中和,铝,高股息",66802545896
1099.HK,国药控股,"互联网医疗,医疗器械,医药股,国企改革,生物医药",66313944059
1138.HK,中远海能,"MSCI,一带一路,国企改革,物流,自由贸易港",65911580101
0358.HK,江西铜业股份,"国企改革,碳中和,稀土永磁,铜",65351200261
2196.HK,复星医药,"CAR-T,健康产业,创新药,医疗器械,医美,医药股,抗疫,抗癌,新经济,民营医院,燃料电池,独角兽,生物医药,知名公司,肝炎,辅助生殖",64615853169
0288.HK,万洲国际,猪肉,64407702141
6865.HK,福莱特玻璃,"光伏太阳能,碳中和,绿色电力",64336386676
1801.HK,信达生物,"创新药,生物医药",63848636997
0960.HK,龙湖集团,"养老,内地房地产,知名公司,租售同权",63477149190
2727.HK,上海电气,"一带一路,充电桩股,国企改革,核电,核电核能,氢能源,生物质能发电,碳中和,节能环保,超超临界发电",63401480554
2883.HK,中海油田服务,"国企改革,天然气,石油股",61179117557
0177.HK,江苏宁沪高速公路,"充电桩股,国企改革",61009365074
0135.HK,昆仑能源,"天然气,石油股,红筹股,页岩气",60611611956
3969.HK,中国通号,"MSCI,新经济,高铁",59489939876
3898.HK,时代电气,"国企改革,电子信息,高铁",56861079274
1193.HK,华润燃气,"华润系,天然气,红筹股",55073506330
2382.HK,舜宇光学科技,"CDR,人工智能,元宇宙,新经济,苹果,虚拟现实",54674223780
1177.HK,中国生物制药,"创新药,医药股,幽门螺杆菌,抗疫,抗癌,新经济,民营医院,生物医药,知名公司,肝炎",54523529967
3808.HK,中国重汽,"MSCI,冬奥会,汽车制造,红筹股,重型机械股",54446788645
0293.HK,国泰航空,"知名公司,航空股",54335878692
3618.HK,重庆农村商业银行,"内银股,国企改革",53233457629
1072.HK,东方电气,"国企改革,新经济,核电核能,氢能源,节能环保,超超临界发电,风电",53097711158
2076.HK,BOSS直聘-W,,52964133488
0968.HK,信义光能,"MSCI,光伏太阳能,太阳能,新经济",52620345963
2618.HK,京东物流,"京东,节假日",52423919634
0151.HK,中国旺旺,"三胎,台资企业,知名公司",52208797497
0241.HK,阿里健康,"互联网医疗,人工智能,健康产业,双十一,抗疫,新经济,新经济,智能医疗,知名公司,红筹股,蚂蚁集团,阿里巴巴",52137225495
0874.HK,白云山,"中医药,医药股,国企改革,民营医院,生物医药,肝炎",50902569022
82331.HK,李宁-R,,50228851142
0322.HK,康师傅控股,"冬奥会,台资企业,知名公司,非酒精饮料",49864053786
2331.HK,李宁,"体育,体育用品股,双十一,知名公司",49673694203
1209.HK,华润万象生活,物业管理,49644375000
6198.HK,青岛港,"国企改革,物流,自由贸易港",48823017013
9889.HK,东莞农商银行,,48357589480
0991.HK,大唐发电,"MSCI,国企改革,核电,绿色电力",46795435700
2039.HK,中集集团,"MSCI,冬奥会,国企改革,氢能源,物流,粤港澳",45361590776
2282.HK,美高梅中国,博彩,44258443764
3311.HK,中国建筑国际,"基础建设,现代服务业,租售同权",44230274345
0780.HK,同程旅行,"新经济,旅游及观光,独角兽,知名公司,腾讯,节假日",43999962983
3998.HK,波司登,"体育,体育用品股,品牌服饰,知名公司",43752498014
0973.HK,L'Occitane,"健康产业,化妆美容股,外国公司,知名公司",42979678328
3668.HK,兖煤澳大利亚,"meitanhk,高股息",42914281703
0921.HK,海信家电,"国企改革,家用电器,汽车热管理,知名公司",42813234960
1910.HK,新秀丽,"外国公司,现代服务业",42582380083
0598.HK,中国外运,"MSCI,双十一,国企改革,智能物流,物流,自由贸易港",42511904223
2380.HK,中国电力,"MSCI,充电桩股,国企改革,生物质能发电,绿色电力",42429617872
2638.HK,港灯-SS,"长和系,香港",42413760000
9896.HK,名创优品,"双重主要上市中概股,回港中概股,知名公司,零售股",42333604448
1821.HK,ESR,,41324579482
0247.HK,尖沙咀置业,"物业投资,香港房地产",41045496687
0384.HK,中国燃气,"天然气,氢能源",40440664400
0522.HK,ASMPT,"LED,新经济,电子信息,芯片替代,集成电路",40144851186
0144.HK,招商局港口,"物流,知名公司,粤港澳,红筹股,自由贸易港,财产管理",40049007634
9926.HK,康方生物,生物医药B类,39739951566
6821.HK,凯莱英,CXO,39011005294
3759.HK,康龙化成,CXO,38822129173
1585.HK,雅迪控股,特斯拉,38726432000
0868.HK,信义玻璃,"光伏太阳能,太阳能,碳中和",38214038332
2588.HK,中银航空租赁,MSCI,38031766303
0392.HK,北京控股,"天然气,红筹股,节能环保",37932118367
1308.HK,海丰国际,"物流,高股息",37556727040
1347.HK,华虹半导体,"充电桩股,新经济,红筹股,芯片替代,集成电路",37395240389
0101.HK,恒隆地产,"物业投资,香港",37388856168
3347.HK,泰格医药,CXO,37306461873
2367.HK,巨子生物,,35820000000
0576.HK,浙江沪杭甬,"国企改革,现代服务业",35661313160
6969.HK,思摩尔国际,"消费电子,烟草",35598652576
0486.HK,俄铝,"外国公司,小金属,铝",35551654777
6963.HK,阳光保险,,35424689300
1513.HK,丽珠医药,"医药股,生物医药,肝炎,辅助生殖",35170835150
9626.HK,哔哩哔哩-W,"互联网出海,元宇宙,双重主要上市中概股,同股不同权,回港中概股,手机游戏,知名公司,短视频,网络游戏,网络直播",35133202178
0656.HK,复星国际,"CAR-T,互联网金融,保险,内险股,独角兽,生物医药,知名公司,财产管理,金融科技,阿里巴巴",34760801527
6186.HK,中国飞鹤,"三胎,乳业,知名公司",34092866407
9863.HK,零跑汽车,新能源汽车,33691545443
1128.HK,永利澳门,"博彩,知名公司",33437756088
2880.HK,辽港股份,"一带一路,国企改革,物流,自由贸易港",33018269122
2208.HK,金风科技,"国企改革,新经济,碳中和,绿色电力,风电",32880032493
3800.HK,协鑫科技,"光伏太阳能,太阳能,新经济,碳中和,钙钛矿电池",32865495787
0412.HK,山高控股,财产管理,32685510922
3698.HK,徽商银行,"内银股,国企改革,财产管理",32641032846
6682.HK,第四范式,次新股,31957909084
1882.HK,海天国际,,31920000000
3320.HK,华润医药,"医药股,华润系,新经济",31915153142
6979.HK,珍酒李渡,次新股,31853061370
6110.HK,滔搏,"体育,体育用品股,高股息",31626232322
1818.HK,招金矿业,"MSCI,国企改革,贸易战股",31428478690
0270.HK,粤海投资,"红筹股,连锁酒店",31316164698
0317.HK,中船防务,"军工股,国企改革",31267266549
0881.HK,中升控股,"MSCI,汽车零售,现代服务业",31013688719
1456.HK,国联证券,"中资券商股,国企改革",30901958388
0008.HK,电讯盈科,"数字经济,新经济,电信股,移动互联网,长和系",30726363849
0666.HK,瑞浦兰钧,次新股,30692262194
1548.HK,金斯瑞生物科技,"CAR-T,CXO,MSCI,医药股,新经济,独角兽,生物医药",30532545293
0867.HK,康哲药业,"医美,医药股,熊去氧胆酸,生物医药,肝炎",30306578008
0053.HK,国浩集团,"物业投资,香港房地产",30190463473
1033.HK,中石化油服,"国企改革,石化股,石油股",30134278722
0268.HK,金蝶国际,"SaaS,云办公,云计算,区块链,工业互联网,数据中心,新IT,新经济,机器人,软件外包",29825803249
80020.HK,商汤-WR,,29130667934
2866.HK,中远海发,"MSCI,一带一路,国企改革,自由贸易港",29118129002
0564.HK,郑煤机,"国企改革,比亚迪",28896916390
0020.HK,商汤-W,"AIGC,元宇宙,同股不同权,数字经济,数据中心,阿里巴巴",28783275500
9992.HK,泡泡玛特,"元宇宙,玩具及消闲用品,知名公司",28537541938
3888.HK,金山软件,"SaaS,云办公,云计算,互联网+,人工智能,信息安全,冬奥会,区块链,小米,手机游戏,数字经济,新IT,新经济,知名公司,移动互联网,紫光系,网络安全,网络游戏,腾讯,雄安股",28256426169
1359.HK,中国信达,"国企改革,融资租赁,财产管理",28241756009
3331.HK,维达国际,健康产业,28096713460
0489.HK,东风集团股份,"国企改革,宁德时代,新经济,新能源汽车,汽车制造",28069464420
1877.HK,君实生物,抗疫,27607534004
1044.HK,恒安国际,"三胎,婴童",27193629458
0659.HK,新创建集团,"现代服务业,高股息",27148657822
0956.HK,新天绿色能源,"国企改革,氢能源,碳中和,雄安股,风电",27018396213
1606.HK,国银金租,,26928269400
2018.HK,瑞声科技,"5G,CDR,元宇宙,数字经济,新IT,新经济,智能穿戴,电子信息,知名公司,苹果",26486850000
0696.HK,中国民航信息网络,"国企改革,在线旅游,数据中心,新经济",26335886301
1735.HK,中环新能源,,26146560000
0338.HK,上海石油化工股份,"国企改革,氢能源,石化股,石油股",25849549386
3360.HK,远东宏信,融资租赁,25847663837
6990.HK,科伦博泰生物-B,次新股,25623953833
2357.HK,中航科工,"军工股,国企改革",25513133574
2518.HK,汽车之家-S,"回港中概股,知名公司",25443910620
0023.HK,东亚银行,"财产管理,香港,香港银行股,高股息",25391565379
1385.HK,上海复旦,"F5G,国企改革,新经济,移动支付,芯片替代,高校",25141294443
6655.HK,华新水泥,,25123574731
2268.HK,药明合联,次新股,25089814275
0966.HK,中国太平,"保险,内险股,红筹股",24942488654
0552.HK,中国通信服务,"5G,国企改革,数字经济,数据中心,新经济,现代服务业,电子信息,电讯设备",24933666240
0772.HK,阅文集团,"互联网出海,新经济,新经济,独角兽,知名公司,腾讯",24714952470
3323.HK,中国建材,"国企改革,建材水泥股,碳中和,雄安股",24292139507
0347.HK,鞍钢股份,"MSCI,冬奥会,国企改革,碳中和,铁矿石",24279872502
6199.HK,贵州银行,内银股,24216157595
0220.HK,统一企业中国,"MSCI,台资企业,现代服务业,知名公司,非酒精饮料",23842723680
2799.HK,中信金融资产,财产管理,23672770319
1797.HK,东方甄选,"K12教育,教育服务,知名公司,腾讯",23540167461
9676.HK,十月稻田,次新股,23499369300
0995.HK,安徽皖通高速公路,国企改革,23484453330
9995.HK,荣昌生物,生物医药B类,23478550926
1258.HK,中国有色矿业,"国企改革,红筹股,铜",23406365360
1114.HK,华晨中国,"新经济,新能源汽车,汽车制造,知名公司,红筹股",23056881103
6680.HK,金力永磁,比亚迪,22857767518
0017.HK,新世界发展,"蓝筹地产股,连锁酒店,香港房地产,高股息",22473534217
1208.HK,五矿资源,"碳中和,稀土永磁,红筹股,金属铅,金属锌,铜",22419162217
1066.HK,威高股份,"医药股,生物医药",22304685741
1963.HK,重庆银行,"内银股,国企改革",21946528369
1908.HK,建发国际集团,"物业投资,香港房地产,高股息",21914108497
3931.HK,中创新航,锂电池,21799312853
0570.HK,中国中药,"MSCI,中医药,医药股,抗疫,生物医药",21754664001
1508.HK,中国再保险,"MSCI,互联网保险,保险,内险股",21239904043
2602.HK,万物云,物业管理,20789778750
0525.HK,广深铁路股份,"国企改革,高铁",20693602888
0013.HK,和黄医药,"双重主要上市中概股,回港中概股,长和系",20605210786
1551.HK,广州农商银行,内银股,20317802951
2386.HK,中石化炼化工程,"MSCI,国企改革",20148558360
9668.HK,渤海银行,,19893440000
2669.HK,中海物业,"物业投资,物业管理",19885505783
3660.HK,奇富科技-S,,19779700392
0548.HK,深圳高速公路股份,"国企改革,粤港澳",19528403118
1839.HK,中集车辆,,19407258540
9899.HK,云音乐,"影视娱乐,知名公司,网络直播",19393861714
0323.HK,马鞍山钢铁股份,"国企改革,碳中和,铁矿石,高铁",19373143327
0416.HK,锦州银行,"内银股,财产管理",19294629644
0123.HK,越秀地产,"MSCI,养老,内地房地产,红筹股",19241378124
0631.HK,三一国际,"天然气,知名公司,重型机械股",19233651736
2009.HK,金隅集团,"MSCI,内地房地产,冬奥会,国企改革,建材水泥股,碳中和,雄安股",19228624742
1958.HK,北京汽车,"MSCI,国企改革,新经济,新能源汽车,无人驾驶,汽车制造",19156658255
0683.HK,嘉里建设,"物业投资,香港房地产,高股息",19012105037
0371.HK,北控水务集团,"新经济,红筹股,节能环保,雄安股",18988092656
6190.HK,九江银行,内银股,18906518208
1999.HK,敏华控股,家具,18844832736
6098.HK,碧桂园服务,"物业管理,知名公司",18587193068
0257.HK,光大环境,"光大系,冬奥会,土壤修复,新经济,环保,碳中和,粤港澳,红筹股,节能环保",18490355629
3369.HK,秦港股份,"国企改革,物流,自由贸易港",17971229944
2145.HK,上美股份,,17828513920
6196.HK,郑州银行,"内银股,现代服务业",17726740199
6078.HK,海吉亚医疗,,17714253810
2419.HK,德康农牧,次新股,17693841438
2498.HK,速腾聚创,次新股,17676825382
0069.HK,香格里拉(亚洲),"冬奥会,知名公司,节假日,连锁酒店",17640783276
9890.HK,中旭未来,次新股,17529629310
0136.HK,中国儒意,"MSCI,互联网+,手机游戏,新经济,短视频,网络游戏,腾讯",17477564268
3866.HK,青岛银行,"内银股,财产管理",17472118127
6060.HK,众安在线,"MSCI,互联网保险,互联网医疗,互联网金融,保险,内险股,区块链,新经济,新经济,知名公司,腾讯,金融科技",17402584736
6826.HK,昊海生物科技,"医美,新经济,生物医药",17146123411
9898.HK,微博-SW,"同股不同权,回港中概股,知名公司,网络直播",17091284988
2689.HK,玖龙纸业,"人民币升值,纸业股,高股息",16938917128
3918.HK,金界控股,"博彩,外国公司",16674672903
0038.HK,第一拖拉机股份,"国企改革,重型机械股",16674491812
2099.HK,中国黄金国际,"贸易战股,金属铅,金属锌,黄金",16669198314
9677.HK,威海银行,,16624562196
2517.HK,锅圈,次新股,16621530420
0189.HK,东岳集团,"新材料,燃料电池,碳中和",16609691283
0148.HK,建滔集团,"MSCI,新经济,集成电路",16536011101
0880.HK,澳博控股,博彩,16334152342
0639.HK,首钢资源,"meitanhk,煤化工,红筹股",16258564879
0425.HK,敏实集团,"台资企业,宁德时代,新经济,无人驾驶,汽车制造,特斯拉",16151711026
1199.HK,中远海运港口,"物流,红筹股,自由贸易港",16143013255
1799.HK,新特能源,"光伏太阳能,太阳能,碳中和,绿色电力,钙钛矿电池",16101800000
0811.HK,新华文轩,"国企改革,教育服务,文化传媒",16080692718
9878.HK,汇通达网络,,16033240355
3396.HK,联想控股,"5G,MSCI,人工智能,国企改革,数据中心,新IT,新经济,物联网,现代服务业,知名公司,紫光系,芯片替代",15975245502
6869.HK,长飞光纤光缆,"5G,F5G,华为,国企改革,电讯设备",15867411726
2007.HK,碧桂园,"内地房地产,智慧城市,知名公司,粤港澳,钙钛矿电池",15673564450
1252.HK,中国天瑞水泥,,15572892729
1888.HK,建滔积层板,"MSCI,华为,新经济,特斯拉,电子信息",15537600000
1375.HK,中州证券,"中资券商股,国企改革,财产管理",15456501251
3900.HK,绿城中国,"MSCI,内地房地产,知名公司",15318592075
0636.HK,嘉里物流,"双十一,物流",15290852233
0142.HK,第一太平,,15229715446
3933.HK,联邦制药,"医药股,抗癌,生物医药",15208511872
0152.HK,深圳国际,"MSCI,智能物流,物流,红筹股",14957180550
9688.HK,再鼎医药,"双重主要上市中概股,回港中概股,生物医药B类",14920994947
0107.HK,四川成渝高速公路,国企改革,14870406283
1164.HK,中广核矿业,"健康产业,核电,核电核能,碳中和,红筹股",14669317505
2252.HK,微创机器人-B,生物医药B类,14589798108
1528.HK,红星美凯龙,"智能家居,现代服务业,知名公司,阿里巴巴",14505175559
0354.HK,中国软件国际,"SaaS,云计算,人工智能,信息安全,华为,工业互联网,抖音,数字经济,数据中心,比亚迪,网络安全,软件外包",14476986283
1415.HK,高伟电子,"电子信息,苹果",14298371648
6049.HK,保利物业,物业管理,14110001700
3633.HK,中裕能源,天然气,14082099768
2068.HK,中铝国际,"国企改革,基础建设,现代服务业",14049048723
0579.HK,京能清洁能源,"国企改革,节能环保,风电",13768328600
0754.HK,合生创展集团,香港房地产,13766922273
2005.HK,石四药集团,"MSCI,创新药,医药股,生物医药",13657599571
1357.HK,美图公司,"AIGC,MSCI,互联网出海,人工智能,区块链,新经济,新经济,知名公司,芯片替代",13657179242
9690.HK,途虎-W,次新股,13560858790
0551.HK,裕元集团,"体育,台资企业",13493979963
1907.HK,中国旭阳集团,氢能源,13449343040
2096.HK,先声药业,,13414174717
1798.HK,大唐新能源,"国企改革,碳中和,绿色电力,节能环保,风电",13310872830
0590.HK,六福集团,"奢侈品股,香港,黄金",13180571233
0467.HK,联合能源集团,天然气,13020252393
0586.HK,海螺创业,"新经济,节能环保",12872193919
6127.HK,昭衍新药,CXO,12795087815
3899.HK,中集安瑞科,"冬奥会,天然气,氢能源,现代服务业,页岩气",12757866029
1448.HK,福寿园,殡葬,12712851553
1274.HK,知行汽车科技,次新股,12708448591
2343.HK,太平洋航运,自由贸易港,12685813565
0546.HK,阜丰集团,"农业现代化,食品添加剂",12530255843
1833.HK,平安好医生,"互联网医疗,人工智能,抗疫,新经济,新经济,智能医疗,独角兽",12508328222
1053.HK,重庆钢铁股份,"国企改革,碳中和,铁矿石",12466743605
0853.HK,微创医疗,"专科医院,医疗器械,医疗美容器械,医药股,辅助生殖",12401067319
0014.HK,希慎兴业,"租赁,高股息",12344638840
9989.HK,海普瑞,,12294447475
1060.HK,阿里影业,"双十一,影视娱乐,新经济,电子商务,电影,知名公司,腾讯,蚂蚁集团,阿里巴巴",12237839136
0010.HK,恒隆集团,,12227331813
2429.HK,友宝在线,次新股,12212222881
0512.HK,远大医药,"医疗器械,生物医药",12210524749
1579.HK,颐海国际,"节假日,食品添加剂",12170858000
1530.HK,三生制药,"CAR-T,医美,医药股,抗癌,新经济,生物医药",12097045244
9985.HK,卫龙美味,,12084888271
6623.HK,陆控,次新股,12036351296
2128.HK,中国联塑,,11913286656
6808.HK,高鑫零售,"电子商务,知名公司,蚂蚁集团,阿里巴巴,零售股",11638439734
0303.HK,伟易达,"新经济,电子信息,电讯设备",11569372820
2453.HK,美中嘉和,次新股,11404107583
3983.HK,中海石油化学,"国企改革,天然气,海南板块",11340600000
1883.HK,中信国际电讯,"5G,中信系,移动互联网",11323344509
0975.HK,Mongol Mining,"meitanhk,外国公司,煤化工",11237899753
0839.HK,中教控股,"天然气,教育服务",11150231941
6993.HK,蓝月亮集团,"家具,知名公司",11081057537
1368.HK,特步国际,"体育,体育用品股,品牌服饰,知名公司",11041291125
0363.HK,上海实业控股,"国企改革,粤港澳,红筹股",11024325624
2273.HK,固生堂,中医药,10948555685
0694.HK,北京首都机场股份,"国企改革,航空股",10898445965
1578.HK,天津银行,内银股,10805582243
1216.HK,中原银行,内银股,10782197880
0697.HK,首程控股,红筹股,10681674542
2186.HK,绿叶制药,"CAR-T,MSCI,中医药,创新药,医药股,抗癌,新经济,生物医药",10532677800
0179.HK,德昌电机控股,"工业4.0,汽车热管理",10390661818
2314.HK,理文造纸,"MSCI,人民币升值,纸业股",10308770400
0719.HK,山东新华制药股份,"医美,医药股,国企改革,抗疫,熊去氧胆酸,生物医药",10213192227
6699.HK,时代天使,"医疗美容器械,医美,牙科医疗",10196596375
0737.HK,湾区发展,,10146833216
80737.HK,湾区发展-R,,10146833216
1896.HK,猫眼娱乐,"影视娱乐,新经济,电影,腾讯",10005235249
9979.HK,绿城管理控股,物业管理,9969600000
1558.HK,东阳光长江药业,肝炎,9890836948
9969.HK,诺诚健华,生物医药B类,9885953043
1918.HK,融创中国,"内地房地产,知名公司",9824199325
2291.HK,心泰医疗,,9813024915
2469.HK,粉笔,,9731566403
9698.HK,万国数据-SW,"同股不同权,回港中概股,数字经济,数据中心,新IT",9649660833
1381.HK,粤丰环保,"新经济,生物质能发电,节能环保",9636187618
1083.HK,港华智慧能源,"MSCI,天然气",9627416667
9663.HK,国鸿氢能,次新股,9583770877
0934.HK,中石化冠德,"物流,红筹股,页岩气",9571716000
6660.HK,艾美疫苗,,9506841402
2362.HK,金川国际,"涉矿,金属镍",9501582359
1773.HK,天立国际控股,"K12教育,教育服务",9456060000
3709.HK,赢家时尚,品牌服饰,9434272613
2245.HK,力勤资源,,9273350846
9638.HK,法拉帝,,9257500587
0604.HK,深圳控股,"MSCI,内地房地产,粤港澳,红筹股,香港房地产",9254744840
1952.HK,云顶新耀-B,生物医药B类,9217321187
3868.HK,信义能源,"光伏太阳能,碳中和,绿色电力",9164813404
0553.HK,南京熊猫电子股份,"5G,军工股,国企改革,智慧城市,电子信息,电讯设备",9090778012
0045.HK,大酒店,连锁酒店,9088382475
1313.HK,华润建材科技,"MSCI,华润系,建材水泥股,建筑节能,碳中和,粤港澳,红筹股",9077819162
3877.HK,中国船舶租赁,,8967040314
6185.HK,康希诺生物,抗疫,8916600007
6600.HK,赛生药业,,8907612174
2299.HK,百宏实业,,8897498400
1361.HK,361度,"体育,体育用品股,品牌服饰,知名公司",8870355780
1302.HK,先健科技,"医疗器械,医疗美容器械",8797973560
1811.HK,中广核新能源,"核电,核电核能,绿色电力",8796189200
6606.HK,诺辉健康,幽门螺杆菌,8771699149
1905.HK,海通恒信,,8729418000
2066.HK,盛京银行,"内银股,国企改革",8708713398
1057.HK,浙江世宝,"无人驾驶,汽车制造",8704134199
2558.HK,晋商银行,内银股,8699588500
1836.HK,九兴控股,台资企业,8672371840
9860.HK,艾迪康控股,次新股,8582786534
2869.HK,绿城服务,"物业管理,租售同权",8560224520
2162.HK,康诺亚-B,生物医药B类,8559908320
1812.HK,晨鸣纸业,"人民币升值,国企改革,纸业股",8542428532
1330.HK,绿色动力环保,"国企改革,新经济,环保,粤港澳,节能环保",8530911163
0041.HK,鹰君,"租赁,连锁酒店",8509091666
1316.HK,耐世特,"MSCI,外国公司,新经济,汽车制造,特斯拉",8458107867
3678.HK,弘业期货,"中资券商股,财产管理",8451110818
1121.HK,金阳新能源,"品牌服饰,钙钛矿电池",8406503985
1635.HK,大众公用,创投,8357893372
2391.HK,涂鸦智能-W,"双重主要上市中概股,回港中概股",8331592686
6088.HK,鸿腾精密科技,"台资企业,富士康,新经济,电讯设备",8310541372
0855.HK,中国水务,节能环保,8259551071
2232.HK,晶苑国际,,8216127360
1065.HK,天津创业环保股份,"国企改革,土壤修复,环保,节能环保",8214749566
0506.HK,中国食品,"健康产业,红筹股,非酒精饮料",8139920082
0819.HK,天能动力,"新经济,锂电池",8051790175
1921.HK,达力普控股,,8024247120
2666.HK,环球医疗,生物医药,8020128163
0817.HK,中国金茂,"海南板块,红筹股,香港房地产",7964757069
0345.HK,维他奶国际,"健康产业,非酒精饮料",7842276276
9699.HK,顺丰同城,"物流,知名公司",7803706431
3613.HK,同仁堂国药,中医药,7734804000
0906.HK,中粮包装,红筹股,7682618700
1196.HK,伟禄集团,现代服务业,7635762364
2696.HK,复宏汉霖,"生物医药B类,肝炎",7587188148
1541.HK,宜明昂科-B,次新股,7576693324
1030.HK,新城发展,"MSCI,内地房地产",7560343427
9997.HK,康基医疗,,7556186620
0336.HK,华宝国际,"烟草,食品添加剂",7525729621
0200.HK,新濠国际发展,博彩,7446917237
3306.HK,江南布衣,品牌服饰,7438875000
2877.HK,神威药业,"中医药,医药股,生物医药",7409920000
2285.HK,泉峰控股,家用电器,7389838107
0165.HK,中国光大控股,"中资券商股,光大系,海南板块,红筹股,自由贸易港,财产管理",7347706184
9922.HK,九毛九,"节假日,餐饮连锁",7326495270
1070.HK,TCL电子,"互联网+,家用电器,消费电子,知名公司,红筹股",7322100700
1112.HK,H&H国际控股,"三胎,乳业,婴童",7320665754
0308.HK,香港中旅,"MSCI,国企改革,在线旅游,旅游及观光,现代服务业,红筹股,节假日",7308356496
2356.HK,大新银行集团,"香港,香港银行股",7281796044
9993.HK,金辉控股,,7281408600
0071.HK,美丽华酒店,"旅游及观光,物业投资",7116884859
2325.HK,云康集团,数字经济,7082255700
1108.HK,凯盛新能,"光伏太阳能,国企改革,碳中和",7049697042
0797.HK,第七大道,"手机游戏,新经济,网络游戏",7020660000
6608.HK,百融云-W,"SaaS,同股不同权",7020301456
1610.HK,中粮家佳康,"猪肉,红筹股",7010457434
0116.HK,周生生,"奢侈品股,知名公司,香港",6991118880
6683.HK,巨星传奇,次新股,6984440125
6855.HK,亚盛医药-B,"生物医药B类,肝炎",6936068234
2402.HK,亿华通,,6921960344
1405.HK,达势股份,次新股,6902863577
2400.HK,心动公司,"互联网出海,元宇宙,手机游戏,抖音,网络游戏",6822536359
0933.HK,非凡领越,体育,6805593709
0081.HK,中国海外宏洋集团,"租售同权,红筹股,香港房地产",6762811991
1858.HK,春立医疗,"医疗器械,医疗美容器械",6755071747
6055.HK,中烟香港,烟草,6723129600
1349.HK,复旦张江,国企改革,6705490613
0751.HK,创维集团,"F5G,LED,MSCI,人工智能,家用电器,消费电子,电子信息,知名公司",6673366210
1675.HK,亚信科技,,6603248443
1951.HK,锦欣生殖,"三胎,辅助生殖",6584611386
1052.HK,越秀交通基建,红筹股,6558796196
1341.HK,昊天国际建投,物流,6554191438
0173.HK,嘉华国际,香港房地产,6516420799
6666.HK,恒大物业,"物业管理,知名公司",6486486600
1666.HK,同仁堂科技,"MSCI,中医药,医药股,国企改革,抗疫,生物医药",6480767040
2218.HK,安德利果汁,"农业现代化,非酒精饮料",6440054199
9885.HK,药师帮,次新股,6373041685
1476.HK,恒投证券,"中资券商股,财产管理",6250961789
1516.HK,融创服务,物业管理,6205393320
0327.HK,百富环球,"移动支付,金融科技",6204898000
9658.HK,特海国际,,6156170020
6955.HK,博安生物,生物医药B类,6131708252
1686.HK,新意网集团,"数据中心,新经济",6081549066
2155.HK,森松国际,重型机械股,6009963590
1969.HK,中国春来,教育服务,6000000000
1133.HK,哈尔滨电气,"国企改革,核电,核电核能,超超临界发电",5970856920
1855.HK,中庆股份,土壤修复,5967500000
0777.HK,网龙,"互联网出海,元宇宙,手机游戏,教育服务,新经济,移动互联网,网络游戏",5960765620
2139.HK,甘肃银行,内银股,5877218619
1387.HK,中国地利,京东,5871551255
1709.HK,德林控股,,5859444091
0187.HK,京城机电股份,"冬奥会,国企改革,氢能源,现代服务业",5825525516
0856.HK,伟仕佳杰,"云计算,电子信息,苹果",5747559992
1277.HK,力量发展,"meitanhk,煤化工",5732400000
1983.HK,泸州银行,内银股,5707279330
0272.HK,瑞安房地产,"MSCI,内地房地产",5699358380
0373.HK,联合集团,财产管理,5692168663
0297.HK,中化化肥,"农业现代化,红筹股",5689809144
2255.HK,海昌海洋公园,"NFT,三胎,海南板块,现代服务业,自由贸易港",5679801400
3339.HK,中国龙工,重型机械股,5649732000
3990.HK,美的置业,"内地房地产,粤港澳",5598104784
6689.HK,洪九果品,,5589111093
0863.HK,Osl集团,文化传媒,5574543338
1789.HK,爱康医疗,"医疗器械,新经济",5553511113
2233.HK,西部水泥,,5547660476
0588.HK,北京北辰实业股份,"内地房地产,国企改革",5536649175
9666.HK,金科服务,物业管理,5533300253
2013.HK,微盟集团,"SaaS,数字经济,短视频,网络直播,腾讯",5533298080
0034.HK,九龙建业,香港房地产,5518400778
0830.HK,中国建筑兴业,"国企改革,红筹股",5480974350
2157.HK,乐普生物-B,生物医药B类,5476167965
1286.HK,鹰普精密,,5473128429
6686.HK,诺亚控股,"互联网金融,回港中概股",5471618129
9930.HK,宏信建发,次新股,5435314800
6122.HK,九台农商银行,内银股,5429384979
3393.HK,威胜控股,,5427544229
3319.HK,雅生活服务,物业管理,5410203048
1271.HK,佳明集团控股,,5396844915
9956.HK,安能物流,"物流,节假日",5382863400
0517.HK,中远海运国际,"物流,红筹股",5380115144
0667.HK,中国东方教育,教育服务,5359974203
0182.HK,协合新能源,"碳中和,风电",5359542644
0119.HK,保利置业集团,"内地房地产,红筹股",5311444534
1117.HK,现代牧业,"三胎,乳业",5303493572
9923.HK,移卡,SaaS,5298428806
0028.HK,天安,香港房地产,5263189473
3896.HK,金山云,,5251293025
0440.HK,大新金融,"现代服务业,财产管理",5234640138
2192.HK,医脉通,互联网医疗,5226860375
2148.HK,Vesync,家用电器,5221352752
0990.HK,荣晖国际,"台资企业,品牌服饰",5186467683
1788.HK,国泰君安国际,"MSCI,中资券商股,红筹股,财产管理",5159157142
2172.HK,微创脑科学,,5156524185
1475.HK,日清食品,,5145398996
0460.HK,四环医药,"医美,医药股,幽门螺杆菌,抗疫,生物医药,肝炎",5131499563
0341.HK,大家乐集团,"餐饮连锁,香港",5130767329
1860.HK,汇量科技,"SaaS,云计算,互联网出海,短视频",5122560068
2150.HK,奈雪的茶,餐饮连锁,5093924657
1234.HK,中国利郎,品牌服饰,5089310906
1992.HK,复星旅游文化,"旅游及观光,节假日,连锁酒店",5072975590
0215.HK,和记电讯香港,"5G,电信股,移动互联网,苹果,长和系",5060051018
2499.HK,佛朗斯股份,次新股,4983686725
1691.HK,JS环球生活,家用电器,4899146206
0826.HK,天工国际,"新材料,铁矿石",4884000000
9858.HK,优然牧业,乳业,4858117120
3939.HK,万国国际矿业,"小金属,金属铅,金属锌,铜",4843800000
1515.HK,华润医疗,"专科医院,医药股,新经济,民营医院,生物医药",4836603405
1733.HK,易大宗,"meitanhk,物流",4762554653
1224.HK,中渝置地,香港房地产,4736448295
1622.HK,力高集团,内地房地产,4723640398
1501.HK,瑛泰医疗,,4711050000
2660.HK,禅游科技,手机游戏,4678946414
9877.HK,健世科技-B,生物医药B类,4655586956
0895.HK,东江环保,"环保,生物质能发电,粤港澳,节能环保",4654118612
1681.HK,康臣药业,"中医药,创新药,医药股,生物医药",4644565983
3316.HK,滨江服务,物业管理,4632581320
1463.HK,C-Link Sq,,4627544910
0256.HK,冠城钟表珠宝,"奢侈品股,物业投资",4613001498
6616.HK,环球新材国际,,4608596891
2411.HK,百果园集团,,4590892160
1497.HK,燕之屋,次新股,4557245000
0086.HK,新鸿基公司,财产管理,4539539219
0558.HK,力劲科技,特斯拉,4528328035
0314.HK,思派健康,,4500465674
9966.HK,康宁杰瑞制药-B,生物医药B类,4496172141
0535.HK,金地商置,"物业投资,香港房地产",4485695443
1809.HK,浦林成山,,4467808800
6959.HK,长久股份,次新股,4467736000
0033.HK,Intl Genius,玩具及消闲用品,4459134363
0062.HK,载通,现代服务业,4439201200
3669.HK,永达汽车,"汽车零售,融资租赁",4433417930
0861.HK,神州控股,"云计算,冬奥会,工业互联网,抖音,数据中心,新经济,智慧城市,智能物流,软件外包",4418323499
1717.HK,澳优,"三胎,乳业",4396876247
2511.HK,君圣泰医药-B,次新股,4385846091
1600.HK,天伦燃气,天然气,4369388731
2121.HK,创新奇智,,4362191697
0581.HK,中国东方集团,"碳中和,铁矿石",4355405730
3738.HK,阜博集团,"SaaS,元宇宙,抖音",4346460693
2156.HK,建发物业,物业管理,4337453169
0315.HK,数码通电讯,"5G,现代服务业,电信股,苹果",4325628276
9636.HK,九方财富,次新股,4278678660
0051.HK,海港企业,"物业投资,连锁酒店",4245412500
2858.HK,易鑫集团,"京东,新经济,新经济,汽车零售,独角兽,腾讯,金融科技",4240642583
2158.HK,医渡科技,"SaaS,互联网医疗",4224153003
6868.HK,天福,"健康产业,非酒精饮料",4222904545
1916.HK,江西银行,内银股,4216993831
1250.HK,山高新能源,"光伏太阳能,新经济,现代服务业,碳中和,高校",4201120918
1866.HK,中国心连心化肥,农业现代化,4180357090
2698.HK,魏桥纺织,品牌服饰,4156473720
1783.HK,晋景新能,,4154141025
6069.HK,盛业,,4137155000
1911.HK,华兴资本控股,创投,4132251832
1458.HK,周黑鸭,"知名公司,节假日",4122833065
0775.HK,长江生命科技,"健康产业,长和系",4084705770
0710.HK,京东方精电,电子信息,4076612301
6830.HK,华众车载,汽车制造,4069145740
6626.HK,越秀服务,物业管理,4048600271
0909.HK,明源云,"SaaS,新IT",4040016768
2225.HK,今海医疗科技,,4032600000
1830.HK,完美医疗,"医美,现代服务业",4019832867
1576.HK,齐鲁高速,,4000000000
2169.HK,沧港铁路,,4000000000
0799.HK,IGG,"互联网出海,手机游戏,新经济,网络游戏",3989500525
2480.HK,绿竹生物-B,次新股,3968001027
2179.HK,瑞科生物-B,"抗疫,生物医药B类",3950637340
2038.HK,富智康集团,"台资企业,富士康,工业互联网,新经济,智能穿戴,电讯设备,苹果",3945400000
1268.HK,美东汽车,"汽车制造,汽车零售",3931041827
1857.HK,中国光大水务,光大系,3833574809
2001.HK,新高教集团,教育服务,3810364044
1310.HK,香港宽频,"互联网+,数据中心,电信股",3803638132
2315.HK,百奥赛图-B,生物医药B类,3782303037
2678.HK,天虹国际集团,智能家居,3717900000
1763.HK,中国同辐,"幽门螺杆菌,肝炎",3710548840
3600.HK,现代牙科,"医疗美容器械,医美,牙科医疗",3708236180
1478.HK,丘钛科技,"小米,抖音,新经济,电子信息,苹果",3707605427
0708.HK,恒大汽车,"健康产业,新经济,新能源汽车,知名公司",3686889620
2777.HK,富力地产,"内地房地产,海南板块,知名公司,租售同权,自由贸易港",3677319997
1785.HK,成都高速,充电桩股,3676546440
9869.HK,海伦司,餐饮连锁,3661345404
3383.HK,雅居乐集团,"MSCI,内地房地产,智慧城市,海南板块,粤港澳",3633154200
1205.HK,中信资源,"中信系,小金属,红筹股",3614554489
3309.HK,希玛眼科,"专科医院,腾讯",3590904088
2459.HK,升能集团,,3585500000
1477.HK,欧康维视生物-B,生物医药B类,3575460329
2390.HK,知乎-W,"双重主要上市中概股,回港中概股,知名公司",3548716436
1651.HK,津上机床中国,,3537669160
0410.HK,SOHO中国,"内地房地产,物业投资",3535676341
2171.HK,科济药业-B,生物医药B类,3522934756
0207.HK,大悦城地产,"物业投资,红筹股",3515087840
3390.HK,满贯集团,,3480000000
0289.HK,永安国际,,3478165380
0709.HK,佐丹奴国际,"品牌服饰,香港",3468935814
0743.HK,亚洲水泥(中国),"台资企业,建材水泥股,碳中和",3415735180
0369.HK,永泰地产,"物业投资,香港房地产",3393000698
9669.HK,北森控股,次新股,3362213182
3798.HK,家乡互动,手机游戏,3336849100
1440.HK,应星控股,,3313800000
6929.HK,业聚医疗,,3295313981
2373.HK,美丽田园医疗健康,,3291706129
0085.HK,中电华大科技,"红筹股,芯片替代",3288392640
2309.HK,大象未来集团,体育,3279129749
0360.HK,新焦点,"台资企业,现代服务业",3271220186
0357.HK,美兰空港,"国企改革,智能物流,海南板块,海航系,航空股,节假日",3265169700
3382.HK,天津港发展,"物流,自由贸易港,雄安股",3263740000
1782.HK,国际商业数字技术,冬奥会,3261360000
3380.HK,龙光集团,"MSCI,内地房地产,海南板块,粤港澳",3240682247
1596.HK,翼辰实业,,3223245600
2276.HK,康耐特光学,,3212298000
9996.HK,沛嘉医疗-B,生物医药B类,3206422534
1521.HK,方达控股,CXO,3190107463
2322.HK,香港潮商集团,物流,3172862000
6836.HK,天韵国际控股,,3169638400
0806.HK,惠理集团,财产管理,3160208008
0035.HK,远东发展,"物业投资,香港房地产",3155716711
3813.HK,宝胜国际,品牌服饰,3142445973
2190.HK,归创通桥-B,生物医药B类,3117921389
1119.HK,创梦天地,"互联网出海,元宇宙,手机游戏,新经济,网络游戏,腾讯",3117659579
0095.HK,绿景中国地产,香港房地产,3109599425
0258.HK,汤臣集团,"台资企业,知名公司,香港房地产",3098742252
0547.HK,数字王国,"体育,元宇宙,文化传媒,虚拟现实",3072010721
1890.HK,中国科培,教育服务,3063177974
0259.HK,亿都(国际控股),消费电子,3059756800
9913.HK,智勤控股,,3040000000
0302.HK,中手游,"AIGC,NFT,互联网出海,元宇宙,手机游戏,抖音,网络游戏",3027939200
6889.HK,Dynam Japan,外国公司,3023882416
0884.HK,旭辉控股集团,"MSCI,内地房地产",3019905131
2418.HK,德银天下,,3018657375
0382.HK,中汇集团,,3002971117
6633.HK,青瓷游戏,"手机游戏,网络游戏",3000374370
2160.HK,心通医疗-B,生物医药B类,2991615120
1571.HK,信邦控股,,2978627850
2098.HK,卓尔智联,"数字经济,智能物流,物业投资",2975881392
9911.HK,赤子城科技,"互联网出海,元宇宙",2966127840
1729.HK,汇聚科技,"数据中心,电讯设备",2957847040
0662.HK,亚洲金融,"互联网保险,保险",2945126540
0376.HK,云锋金融,"保险,现代服务业,蚂蚁集团,阿里巴巴",2939673671
6639.HK,瑞尔集团,牙科医疗,2930726848
0178.HK,莎莎国际,"健康产业,化妆美容股,香港",2916998091
2407.HK,高视医疗,,2915016269
8137.HK,洪桥集团,"太阳能,锂电池",2907087414
2451.HK,绿源集团控股,次新股,2905602270
2219.HK,朝聚眼科,,2900858650
0596.HK,浪潮数字企业,"云计算,工业互联网,红筹股,软件外包",2900478657
2105.HK,来凯医药-B,次新股,2890643594
1854.HK,中国万天控股,,2849198860
1626.HK,嘉耀控股,海航系,2820000000
3330.HK,灵宝黄金,"国企改革,贸易战股",2810251879
1126.HK,德林国际,"婴童,玩具及消闲用品",2795452450
1973.HK,天图投资,次新股,2792915373
1899.HK,兴达国际,汽车制造,2784181539
2722.HK,重庆机电,"国企改革,工业4.0",2763480116
6896.HK,金嗓子,"生物医药,知名公司",2757596460
1523.HK,珩湾科技,,2740484040
8083.HK,中国有赞,"SaaS,短视频,移动支付,网络直播,腾讯",2737199626
1848.HK,中国飞机租赁,"光大系,现代服务业",2724340588
9959.HK,联易融科技-W,"SaaS,同股不同权,腾讯",2719130898
0032.HK,港通控股,电子信息,2683355083
6698.HK,星空华文,,2682161871
1428.HK,耀才证券金融,财产管理,2681728167
0693.HK,陈唱国际,"汽车制造,汽车零售",2677700970
0798.HK,中电光谷,物业管理,2666875020
0098.HK,兴发铝业,"小金属,铝",2650089544
6138.HK,哈尔滨银行,"内银股,国企改革,财产管理",2638943893
0468.HK,纷美包装,新材料,2633163070
1931.HK,华检医疗,,2627904755
8279.HK,亚博科技控股,"博彩,彩票股,阿里巴巴",2626277003
6669.HK,先瑞达医疗-B,生物医药B类,2623067361
0650.HK,普达特科技,"富士康,连锁酒店",2622911866
1599.HK,城建设计,"国企改革,现代服务业",2616419800
0746.HK,理文化工,新材料,2615250000
0331.HK,丰盛生活服务,节能环保,2610000000
2520.HK,山西安装,次新股,2609623400
0026.HK,中华汽车,物业投资,2603419220
0931.HK,中国港能,天然气,2539950973
1238.HK,宝龙地产,内地房地产,2525645830
2199.HK,维珍妮,品牌服饰,2521955000
2361.HK,中康控股,SaaS,2507323500
2500.HK,启明医疗-B,生物医药B类,2478484310
3377.HK,远洋集团,"养老,内地房地产",2475231089
0807.HK,上海实业环境,生物质能发电,2472639097
1970.HK,IMAX China,"影视娱乐,文化传媒,电影",2469331886
0568.HK,山东墨龙,页岩气,2467303723
2718.HK,东正金融,,2460599110
3978.HK,卓越教育集团,"K12教育,教育服务",2456940900
0242.HK,信德集团,连锁酒店,2444306046
6922.HK,康沣生物-B,生物医药B类,2424575400
1769.HK,思考乐教育,"K12教育,教育服务",2417295000
9977.HK,凤祥股份,,2405579360
9955.HK,智云健康,SaaS,2389245551
2368.HK,鹰美,"台资企业,品牌服饰",2380748000
1223.HK,新沣集团,"台资企业,物业投资",2379380186
9986.HK,大山教育,"K12教育,教育服务",2336000000
2383.HK,TOM集团,"文化传媒,长和系",2335521229
0900.HK,Aeon信贷,小额贷款,2315773768
0686.HK,北京能源国际,"光伏太阳能,区块链,太阳能,碳中和",2307153694
0078.HK,富豪酒店,"物业投资,连锁酒店",2300882772
1755.HK,新城悦服务,"物业管理,现代服务业",2300313840
3611.HK,花房集团,,2300000000
3650.HK,Keep,次新股,2291929863
0290.HK,国富创新,财产管理,2277448505
0732.HK,信利国际,电子信息,2275995887
1995.HK,旭辉永升服务,物业管理,2273986000
2405.HK,力盟科技,次新股,2272000000
6820.HK,友谊时光,手机游戏,2268084000
1760.HK,英恒科技,"比亚迪,汽车热管理",2262703872
0158.HK,万邦投资,物业投资,2247500000
0411.HK,南顺(香港),"农业现代化,啤酒",2226690610
0691.HK,山水水泥,"建材水泥股,碳中和",2220522776
9857.HK,柠萌影视,影视娱乐,2216821798
0752.HK,笔克远东,文化传媒,2206737385
2002.HK,阳光纸业,"人民币升值,纸业股",2203216000
0873.HK,世茂服务,物业管理,2196673970
2385.HK,读书郎,教育服务,2196480000
0587.HK,海螺环保,,2192118071
1198.HK,皇朝家居,"家具,现代服务业",2182791514
1468.HK,京基金融国际,,2174539474
3333.HK,中国恒大,"内地房地产,智慧城市,机器人,民营医院,海南板块,知名公司",2152301047
3818.HK,中国动向,"体育,体育用品股,品牌服饰,蚂蚁集团,阿里巴巴",2148959774
1765.HK,希教国际控股,教育服务,2138493424
0627.HK,日本共生,香港房地产,2131009893
2436.HK,凌雄科技,,2126619180
0245.HK,中薇金融,文化传媒,2117582014
0127.HK,华人置业,"物业投资,知名公司,香港",2117457178
1726.HK,HKE Holdings,,2110684864
1608.HK,伟能集团,数据中心,2105192415
2355.HK,宝业集团,,2103854454
1045.HK,亚太卫星,"军工股,卫星导航,红筹股",2098573850
1184.HK,时捷集团,"LED,电子信息",2096555424
6667.HK,美因基因,,2091925068
1401.HK,Sprocomm Intel,,2090000000
1272.HK,大唐环境,,2077279400
1270.HK,朗廷-SS,连锁酒店,2057698784
2487.HK,科笛-B,次新股,2056985719
1003.HK,欢喜传媒,"影视娱乐,抖音,电影",2047624523
0120.HK,四海国际,"物业投资,香港房地产",2045373908
0088.HK,大昌集团,"物业投资,香港房地产",2037853703
1450.HK,交个朋友控股,文化传媒,2030628098
0105.HK,凯联国际酒店,物业投资,2016000000
2668.HK,百德国际,,2012400000
3886.HK,康健国际医疗,健康产业,1998189123
6858.HK,本间高尔夫,"体育用品股,玩具及消闲用品",1986507400
9616.HK,东软教育,教育服务,1964458746
0335.HK,美建集团,财产管理,1958091233
2348.HK,东瑞制药,"医药股,生物医药,肝炎,辅助生殖",1950516100
6169.HK,宇华教育,教育服务,1947665457
0520.HK,呷哺呷哺,"知名公司,节假日,餐饮连锁",1933390576
6601.HK,朝云集团,,1906666905
0029.HK,达力集团,,1906383522
6100.HK,同道猎聘,,1903651565
2360.HK,优品360,,1900000000
1820.HK,济丰包装,,1899994240
0563.HK,上实城市开发,"红筹股,香港房地产",1892635860
0480.HK,香港兴业国际,"物业投资,香港房地产",1886333290
1665.HK,槟杰科达,,1872000000
1713.HK,四川能投发展,,1869382398
1597.HK,纳泉能源科技,,1867500000
6989.HK,卓越商企服务,物业管理,1867132440
2215.HK,德信服务集团,物业管理,1865242920
0816.HK,金茂服务,物业管理,1862629340
2256.HK,和誉-B,生物医药B类,1860828278
1231.HK,新矿资源,小金属,1860000000
0846.HK,明发集团,芯片替代,1858502563
3833.HK,新疆新鑫矿业,"国企改革,涉矿,稀土永磁,金属镍",1856400000
2181.HK,迈博药业-B,生物医药B类,1855836000
0113.HK,迪生创建,奢侈品股,1852753198
9983.HK,建业新生活,物业管理,1846746920
6978.HK,永泰生物-B,生物医药B类,1837064880
0194.HK,廖创兴企业,连锁酒店,1836129684
1116.HK,美亚控股,"汽车制造,铁矿石",1834300000
0398.HK,东方表行集团,奢侈品股,1827593340
0813.HK,世茂集团,"冬奥会,香港房地产",1822959306
0326.HK,中国星集团,"博彩,影视娱乐",1820887859
0340.HK,潼关黄金,文化传媒,1811271138
2130.HK,嘉泓物流,,1802934000
1795.HK,亚东集团,,1800000000
0580.HK,赛晶科技,"冬奥会,电子信息",1785069000
1526.HK,瑞慈医疗,专科医院,1781162880
1696.HK,复锐医疗科技,"医疗器械,医美",1779703750
0878.HK,金朝阳集团,,1779178228
1345.HK,上海先锋控股,"医疗器械,医疗美容器械",1773000270
1432.HK,中国圣牧,乳业,1768453293
1221.HK,信和酒店,连锁酒店,1765412478
3718.HK,北控城市资源,,1760548680
1748.HK,信源企业集团,,1760000000
2886.HK,滨海投资,天然气,1758890792
1668.HK,华南城,"物流,腾讯,香港房地产",1750609606
2416.HK,易点云,次新股,1743552162
9909.HK,宝龙商业,物业管理,1735830000
2235.HK,微泰医疗-B,生物医药B类,1732772382
9886.HK,叮当健康,,1730500037
2415.HK,梅斯健康,"互联网医疗,次新股",1730437208
1382.HK,互太纺织,,1720512930
0093.HK,添利工业,物业投资,1707291552
1137.HK,香港科技探索,文化传媒,1697122442
0842.HK,理士国际,,1694201666
0882.HK,天津发展,"生物医药,红筹股",1684249096
1140.HK,华科智能投资,财产管理,1683251921
6819.HK,中智全球,,1669889777
1611.HK,新火科技控股,"SaaS,区块链,数据中心",1658819967
2496.HK,友芝友生物-B,次新股,1655472168
2337.HK,众诚能源,,1655298840
1204.HK,博维智慧,,1650000000
0982.HK,华发物业服务,"物业管理,现代服务业",1649990880
2552.HK,华领医药-B,"医药股,生物医药B类,肝炎",1636162580
2409.HK,洲际船务,次新股,1635000000
0050.HK,香港小轮(集团),物业投资,1628171645
0612.HK,鼎益丰控股,"创投,财产管理",1623891142
1672.HK,歌礼制药-B,"创新药,抗疫,抗癌,生物医药B类,知名公司,肝炎",1620412800
1593.HK,辰林教育,教育服务,1620000000
2198.HK,中国三江化工,现代服务业,1618400000
1122.HK,庆铃汽车股份,"国企改革,汽车制造",1613474374
6188.HK,迪信通,"京东,现代服务业,电讯设备",1613357928
2231.HK,景业名邦集团,,1613249540
1499.HK,欧科云链,,1611153000
2473.HK,喜相逢集团,次新股,1608750000
1469.HK,结好金融,,1600000000
1257.HK,中国光大绿色环保,"光大系,土壤修复,新经济,生物质能发电",1590880060
1176.HK,珠光控股,"物业投资,香港房地产",1589639206
0400.HK,硬蛋创新,"人工智能,机器人,物联网,电子信息,芯片替代,虚拟现实",1589459514
3788.HK,中国罕王,"涉矿,金属镍,铁矿石",1587600000
1846.HK,德视佳,,1582890000
0951.HK,超威动力,"燃料电池,碳中和,锂电池",1578901580
1488.HK,百福控股,"现代服务业,餐饮连锁",1578664000
2175.HK,中国通才教育,教育服务,1572157870
0658.HK,中国高速传动,,1569879894
1878.HK,南戈壁,"meitanhk,煤化工",1567573204
1697.HK,山东国信,,1560714750
9906.HK,宏力医疗管理,,1560000000
1090.HK,大明国际,铁矿石,1554924160
1244.HK,3D Medicines,"创新药,抗癌,生物医药B类",1549242000
1539.HK,知行集团控股,NFT,1540730421
0186.HK,敏捷控股,"消费电子,电子信息",1537825209
1321.HK,中国新城市,物业投资,1528183680
2342.HK,京信通信,"5G,华为,电讯设备,移动互联网",1521163967
8395.HK,齐家控股,家具,1520640000
2798.HK,久泰邦达能源,"meitanhk,煤化工",1520000000
1719.HK,中国通商集团,,1518058686
0222.HK,闽信集团,"物业投资,红筹股",1517033420
2420.HK,子不语,,1505000000
3681.HK,中国抗体-B,生物医药B类,1495704513
2138.HK,医思健康,医美,1493366194
3700.HK,映宇宙,"人工智能,新经济,独角兽,知名公司,短视频,网络直播",1492494850
2341.HK,中怡国际,,1472611264
0978.HK,招商局置地,"国企改革,智能穿戴,红筹股,香港房地产",1471577358
1977.HK,安乐工程,,1470000000
2251.HK,鹰瞳科技-B,生物医药B类,1454094903
2217.HK,谭仔国际,餐饮连锁,1440929934
0626.HK,大众金融控股,财产管理,1427292903
0818.HK,高阳科技,"移动互联网,移动支付,芯片替代,金融科技",1416185256
3336.HK,巨腾国际,"台资企业,电子信息,苹果",1416009965
0511.HK,电视广播,"影视娱乐,文化传媒",1415444140
3989.HK,首创环境,"环保,生物质能发电,节能环保",1415178584
2149.HK,贝克微,次新股,1404000000
0064.HK,结好控股,财产管理,1401092361
0776.HK,帝国科技集团,"NFT,元宇宙,家具",1399662000
0163.HK,英皇国际,"物业投资,知名公司",1397467353
1796.HK,耀高控股,,1392000000
1569.HK,民生教育,教育服务,1391847600
0837.HK,谭木匠,"家具,文化传媒",1382849840
9960.HK,康圣环球,,1381971774
3903.HK,瀚华金控,"互联网信贷,互联网金融,小额贷款,金融科技",1380000000
1167.HK,加科思-B,生物医药B类,1377653839
0025.HK,其士国际,现代服务业,1376793686
0133.HK,招商局中国基金,"物业投资,独角兽,红筹股",1369473787
8328.HK,信义储电,,1358610920
0419.HK,华谊腾讯娱乐,"文化传媒,新经济",1358533861
1817.HK,慕尚集团控股,,1358500000
0716.HK,胜狮货柜,,1357857373
2490.HK,乐舱物流,次新股,1354053108
2025.HK,瑞丰动力,比亚迪,1352000000
2477.HK,经纬天地,次新股,1350000000
1525.HK,建桥教育,教育服务,1348750000
1317.HK,枫叶教育,"K12教育,三胎,教育服务,现代服务业",1347894414
1104.HK,亚太资源,"小金属,铁矿石",1343070592
0305.HK,五菱汽车,"新能源汽车,汽车制造,知名公司,红筹股",1335755339
1813.HK,合景泰富集团,"MSCI,内地房地产,粤港澳",1333364739
0542.HK,中国文旅农业,"物业投资,连锁酒店",1322191183
0695.HK,东吴水泥,,1319280000
0240.HK,利基控股,基础建设,1316390672
0887.HK,英皇钟表珠宝,奢侈品股,1308435419
0952.HK,华富建业金融,财产管理,1307577385
0866.HK,中国秦发,"meitanhk,煤化工",1296575272
9608.HK,宋都服务,物业管理,1286400000
1358.HK,普华和顺,医疗美容器械,1283818320
2153.HK,达丰设备,,1283558375
8053.HK,比优集团,,1281140947
0393.HK,旭日企业,品牌服饰,1279020960
1029.HK,铁货,"涉矿,铁矿石",1269428931
9936.HK,稀美资源,,1256400000
1982.HK,南旋控股,,1253665600
0353.HK,能源国际投资,天然气,1253452952
1563.HK,友联国际教育租赁,,1251276360
1935.HK,嘉宏教育,教育服务,1248647400
2295.HK,丰城控股,基础建设,1240000000
3337.HK,安东油田服务,"天然气,页岩气",1232693641
7827.HK,VISION DEAL-Z,SPAC特殊目的收购公司,1232481250
0434.HK,博雅互动,"手机游戏,网络游戏",1227567001
3737.HK,中智药业,"中医药,生物医药",1226312000
1702.HK,东光化工,,1223259680
0538.HK,味千(中国),餐饮连锁,1222523478
0474.HK,信铭生命科技,天然气,1217993173
2250.HK,小黄鸭德盈,NFT,1216431320
3315.HK,金邦达宝嘉,移动支付,1212973960
6668.HK,星盛商业,物业管理,1207274040
0603.HK,中油燃气,天然气,1206276020
2633.HK,雅各臣科研制药,"幽门螺杆菌,熊去氧胆酸",1200132600
2489.HK,集海资源,次新股,1200000000
1692.HK,登辉控股,家用电器,1199060000
1263.HK,栢能集团,"元宇宙,电子信息",1198560534
0159.HK,布莱克万矿业,"小金属,铁矿石",1197149945
1588.HK,畅捷通,"云办公,互联网+",1195585071
2289.HK,创美药业,生物医药,1194480000
0030.HK,云白国际,"移动互联网,食品添加剂",1189984978
1543.HK,中盈盛达融资担保,融资租赁,1186202442
2768.HK,佳源国际控股,"MSCI,香港房地产",1184365087
0838.HK,亿和控股,"比亚迪,特斯拉,电子信息",1183825464
2180.HK,万宝盛华,,1182778500
2535.HK,泓基集团,次新股,1180000000
0635.HK,彩星集团,"婴童,玩具及消闲用品",1179900000
0687.HK,泰升集团,"基础建设,海航系",1178112498
3303.HK,巨涛海洋石油服务,现代服务业,1172379114
3680.HK,瑞和数智,,1169736424
0622.HK,威华达控股,节能环保,1168824977
1863.HK,中国龙天集团,新材料,1168079084
2142.HK,和铂医药-B,生物医药B类,1168011943
2003.HK,维信金科,"互联网信贷,互联网金融,金融科技",1164914298
1875.HK,东曜药业-B,生物医药B类,1159181831
1660.HK,兆邦基生活,,1158465000
1981.HK,华夏视听教育,影视娱乐,1158455900
2616.HK,基石药业-B,生物医药B类,1155747599
1680.HK,澳门励骏,博彩,1147219617
2163.HK,远大住工,,1145952590
0661.HK,中国大冶有色金属,"小金属,红筹股,铜",1145317101
0251.HK,爪哇控股,物业投资,1144033179
2392.HK,玄武云,SaaS,1143053820
6093.HK,和泓服务,物业管理,1142400000
1061.HK,亿胜生物科技,"熊去氧胆酸,生物医药",1135080000
2738.HK,华津国际控股,铁矿石,1128000000
1009.HK,国际娱乐,互联网+,1122708933
9982.HK,中原建业,,1121028938
9991.HK,宝尊电商-W,"同股不同权,回港中概股,抖音,电子商务,阿里巴巴",1118378322
6661.HK,湖州燃气,天然气,1112902605
2111.HK,超盈国际控股,品牌服饰,1112594560
2111.HK,超盈国际控股,品牌服饰,1112594560
0052.HK,大快活集团,"现代服务业,餐饮连锁,香港",1102494158
1873.HK,维亚生物,CXO,1102296816
2236.HK,惠生工程,天然气,1099917306
2283.HK,东江集团控股,"智慧城市,苹果",1099903200
3658.HK,新希望服务,物业管理,1099070100
1870.HK,益美国际控股,,1098240000
1370.HK,奥威控股,"小金属,铁矿石",1095671028
1051.HK,国际资源,"贸易战股,黄金",1095478212
2482.HK,维天运通,,1087223361
0609.HK,天德化工,,1086772500
1086.HK,好孩子国际,"三胎,婴童,家具",1084220258
8049.HK,吉林长龙药业,生物医药,1081282500
2011.HK,中国恒泰集团,,1080055864
1786.HK,铁建装备,重型机械股,1079117640
2779.HK,中国新华教育,教育服务,1077750610
0321.HK,德永佳集团,,1077722961
1115.HK,西藏水资源,非酒精饮料,1076109180
0450.HK,鸿兴印刷集团,现代服务业,1071280669
1290.HK,中国汇融,"互联网信贷,小额贷款",1068528300
7855.HK,Techstaracq-Z,SPAC特殊目的收购公司,1063350000
9990.HK,祖龙娱乐,互联网出海,1063153628
1373.HK,国际家居零售,现代服务业,1057073580
1656.HK,亿仕登控股,,1052560493
1979.HK,天宝集团,现代服务业,1050996744
0493.HK,国美零售,"双十一,电子商务,零售股",1050773662
1837.HK,五谷磨房,,1050486720
3318.HK,中国波顿,"烟草,食品添加剂",1048096782
0266.HK,天德地产,连锁酒店,1044410013
0131.HK,卓能(集团),"物业投资,香港房地产",1044282850
1727.HK,河北建设,"冬奥会,雄安股",1039216265
1098.HK,路劲,香港房地产,1034084461
6805.HK,金茂源环保,,1031533680
8299.HK,大唐潼金,,1029786126
0533.HK,金利来集团,品牌服饰,1022536237
0147.HK,国际商业结算,"节能环保,香港房地产",1015953616
2136.HK,利福中国,,1010469465
0108.HK,国锐生活,"物业投资,物业管理",1007802806
9908.HK,嘉兴燃气,,1006264850
0169.HK,万达酒店发展,"知名公司,腾讯,节假日,连锁酒店",1005232148
0157.HK,自然美,"台资企业,现代服务业",1001050466
2260.HK,环龙控股,,995890520
7836.HK,Aquila Acq-Z,SPAC特殊目的收购公司,993395288
1568.HK,承达集团,,992776600
0031.HK,航天控股,"军工股,红筹股",987207002.2
0869.HK,彩星玩具,"婴童,玩具及消闲用品",979981000
0160.HK,汉国置业,,979783849.4
7801.HK,Interra Acq-Z,SPAC特殊目的收购公司,979728750
2008.HK,凤凰卫视,"影视娱乐,文化传媒",973763602.5
0488.HK,丽新发展,物业投资,973730316.1
2101.HK,福禄控股,"SaaS,抖音",972565311.1
0230.HK,五矿地产,"红筹股,香港房地产",970603330.7
3773.HK,银盛数惠,移动互联网,966950000
2369.HK,酷派集团,"人工智能,智能穿戴,电讯设备,移动互联网",966479469.3
1942.HK,马可数字科技,,962487213.8
0374.HK,四洲集团,,960554100
3399.HK,粤运交通,"充电桩股,国企改革,旅游及观光,物流,粤港澳",951818882
2257.HK,圣诺医药-B,"生物医药B类,肝炎",946495584
1161.HK,奥思集团,健康产业,939162814.3
1652.HK,福森药业,,937445000
3848.HK,浩森金融科技,,930103020
3836.HK,和谐汽车,"汽车制造,汽车零售",930082358
0329.HK,东建国际,健康产业,929844950.4
6117.HK,日照港裕廊,,929600000
0606.HK,中骏商管,物业管理,928800000
0809.HK,大成生化科技,农业现代化,926370194.6
7841.HK,汇德收购-Z,SPAC特殊目的收购公司,925462500
0560.HK,珠江船务,"物流,粤港澳,红筹股,自由贸易港",919356845.7
3300.HK,中国玻璃,,918109129
1180.HK,汇彩控股,博彩,915401224.1
0875.HK,中国金控,农业现代化,914009461.6
2317.HK,味丹国际,"台资企业,食品添加剂",913645200
2772.HK,中梁控股,,913356832.5
6628.HK,创胜集团-B,生物医药B类,912024533.8
0829.HK,神冠控股,农业现代化,904534400
9958.HK,力天影业,影视娱乐,903000000
6622.HK,兆科眼科-B,生物医药B类,901129633.8
0505.HK,兴业合金,铜,899558173
0018.HK,东方企控集团,文化传媒,899219211.8
3869.HK,弘和仁爱医疗,,898261000
3882.HK,天彩控股,"智能穿戴,消费电子",897642835
0202.HK,润中国际控股,节能环保,897207431.6
1050.HK,嘉利国际,"机器人,电子信息",889442048
1442.HK,鹰辉物流,,887520000
9919.HK,艾德韦宣集团,元宇宙,886242980
6811.HK,太兴集团,"餐饮连锁,香港",884751120
0228.HK,中能控股,天然气,883996992
9686.HK,东软熙康,次新股,883970645.3
1502.HK,金融街物业,物业管理,881460000
2442.HK,怡俊集团控股,次新股,877200000
1082.HK,源宇宙教育,"婴童,教育服务",875587507.2
2167.HK,天润云,SaaS,875222012
8227.HK,海天天线,"5G,国企改革,电讯设备,移动互联网",872909340
1868.HK,同方友友,"LED,台资企业,家具",869203148.1
6610.HK,飞天云动,,868800000
1853.HK,春城热力,,868062000
0224.HK,建生国际,物业投资,865528992
0433.HK,北方矿业,物业投资,863303187.4
1127.HK,狮子山集团,现代服务业,862400000
3913.HK,合景悠活,物业管理,860990039.3
9882.HK,永联丰控股,,860000000
0711.HK,亚洲联合基建控股,"基础建设,物业投资",857429686.6
0497.HK,资本策略地产,"物业投资,香港房地产",857361389.9
0750.HK,水发兴业能源,"光伏太阳能,太阳能,碳中和",857167805.2
0698.HK,通达集团,"小米,智能穿戴,电子信息,苹果",856733472.8
2483.HK,K Cash集团,次新股,855000000
1075.HK,首都信息,"冬奥会,国企改革,数字经济,智慧城市,软件外包",854935396.8
6911.HK,澜沧古茶,次新股,853440000
0848.HK,茂业国际,"物业投资,百货业,零售股",853294116
0408.HK,叶氏化工集团,,852726144
0431.HK,大中华金融,财产管理,847568480.7
0196.HK,宏华集团,页岩气,840765491
0057.HK,震雄集团,,838607028
1961.HK,多牛科技,,831451069.7
2126.HK,药明巨诺-B,生物医药B类,830089472.4
2120.HK,康宁医院,生物医药,829555336
0212.HK,南洋集团,物业投资,825416033.4
0617.HK,百利保控股,连锁酒店,824793250.8
2302.HK,中核国际,"核电核能,涉矿",821802757.4
2481.HK,慧居科技,次新股,820352000
3329.HK,交银国际,,820317600
1483.HK,网誉科技,连锁酒店,818850000
1200.HK,美联集团,"房地产服务,现代服务业",817478045.7
1948.HK,优矩控股,"抖音,短视频",816000000
0970.HK,新耀莱,汽车零售,811891505.4
0306.HK,冠忠巴士集团,现代服务业,810520631.4
1586.HK,力鸿检验,土壤修复,807030190
1780.HK,B & D Strategic,,806000000
1756.HK,中国职业教育,,804000000
2033.HK,时计宝,现代服务业,802646520
2161.HK,健倍苗苗,"中医药,幽门螺杆菌",800793600
1601.HK,中关村科技租赁,,800000400
0391.HK,美亚娱乐资讯,影视娱乐,799704700.9
6828.HK,北京燃气蓝天,文化传媒,795764015
1943.HK,银涛控股,,790000000
1730.HK,贤能集团,,789264622
1091.HK,南方锰业,"中信系,小金属,红筹股",788545570
0976.HK,齐合环保,"环保,节能环保,铜",786524622.6
3838.HK,中国淀粉,,781882282.6
0237.HK,安全货仓,物流,777600000
0255.HK,龙记集团,,776963082.7
1986.HK,彩客新能源,锂电池,776627280
1745.HK,驴迹科技,,776112310.5
2502.HK,金源氢化,次新股,774068400
0355.HK,世纪城市国际,"物业投资,连锁酒店",773142297
0554.HK,汉思能源,物流,771544410
1627.HK,安保工程控股,,770000000
1978.HK,叙福楼集团,餐饮连锁,768000000
0337.HK,绿地香港,"内地房地产,物业投资,知名公司,红筹股",767768287.8
2187.HK,智欣集团控股,,762960000
0610.HK,惠记集团,"基础建设,涉矿",761399072.6
8223.HK,紫元元,,761100000
0383.HK,中国医疗网络,"健康产业,物业投资",760203819.9
1329.HK,首创钜大,新材料,759615385
0950.HK,李氏大药厂,"抗癌,生物医药",759597592.5
6609.HK,心玮医疗-B,生物医药B类,757270956
0528.HK,金达控股,,755613600
0422.HK,越南制造加工出口,"台资企业,汽车制造",753374400
2540.HK,乐思集团,次新股,750000000
2488.HK,元征科技,现代服务业,748418580
0065.HK,弘海高新资源,"meitanhk,煤化工",746851745.6
2377.HK,博奇环保,,744233391.3
6058.HK,兴证国际,中资券商股,744000000
6118.HK,奥星生命科技,医疗美容器械,743243900
0720.HK,意达利控股,现代服务业,740952154.6
0573.HK,稻香控股,餐饮连锁,740474040
1662.HK,义合控股,基础建设,740000000
1638.HK,佳兆业集团,"MSCI,内地房地产,知名公司,粤港澳",736624191.1
6919.HK,人瑞人才,,736489431.3
2878.HK,晶门半导体,"军工股,电子信息,芯片替代",736217443.5
2425.HK,澳亚集团,,735486267.6
0232.HK,大陆航空科技控股,"军工股,红筹股",734966607.9
0458.HK,联亚集团,品牌服饰,733339583.1
0206.HK,华商能源,页岩气,733016064.6
2270.HK,德商产投服务,物业管理,731905856
1725.HK,洲际航天科技,,726762644
0769.HK,中国稀土,"新材料,稀土永磁",725927087.1
2137.HK,腾盛博药-B,"抗疫,生物医药B类,肝炎",722341289.3
3689.HK,康华医疗,,722291040
6996.HK,德琪医药-B,生物医药B类,722130956.1
0677.HK,金源发展国际实业,农业现代化,721397744.7
3688.HK,莱蒙国际,物业投资,720493544.9
1400.HK,满地科技股份,品牌服饰,720353473
8107.HK,威诚国际控股,,717885000
1856.HK,依波路,奢侈品股,716912448.9
1731.HK,其利工业集团,,716800000
0156.HK,力宝华润,"物业投资,餐饮连锁",716579191.4
2306.HK,乐华娱乐,,714942420
8300.HK,今米房集团,餐饮连锁,713707200
0124.HK,粤海置地,"粤港澳,红筹股,香港房地产",710287792.8
2265.HK,鸿承环保科技,,710000000
2100.HK,百奥家庭互动,"三胎,婴童,手机游戏",709592468
0330.HK,思捷环球,"健康产业,品牌服饰",707704335.8
0149.HK,中国农产品交易,"农业现代化,香港房地产",706667815.4
1708.HK,三宝科技,"人工智能,安防,智慧城市",704932065
0367.HK,庄士机构国际,香港房地产,702472303.7
2279.HK,雍禾医疗,,701016953.3
0252.HK,华信地产财务,物业投资,698802105.4
1300.HK,俊知集团,"5G,电子信息,电讯设备",698685000
1689.HK,华禧控股,,694415700
1645.HK,海纳智能,,693690480
2127.HK,汇森家居,家具,692386704
1425.HK,捷隆控股,,687500000
0896.HK,兴胜创建,,686767792.6
1183.HK,澳能建设,充电桩股,685591521.2
0099.HK,王氏国际,电子信息,684231825.4
0521.HK,CWT Int'l,"海航系,现代服务业,红筹股",683999766.1
2117.HK,大唐集团控股,,681772000
1076.HK,博华太平洋,博彩,681551384.5
1303.HK,汇力资源,"meitanhk,小金属,金属铅,金属锌,金属镍",680395800
1728.HK,正通汽车,"汽车零售,物流,电子商务",679503273.5
3768.HK,滇池水务,,679213260
6638.HK,金融壹账通,"SaaS,双重主要上市中概股,回港中概股",678588778.7
0184.HK,激成投资,"物业投资,连锁酒店",676998000
6677.HK,远洋服务,物业管理,674880000
2427.HK,Guanze Medical,,674500000
2237.HK,中国石墨,锂电池,672000000
1940.HK,Cgii Hldgs,,672000000
3991.HK,长虹佳华,,669139920
1243.HK,宏安地产,香港房地产,668800000
0536.HK,贸易通,现代服务业,667492324
1005.HK,美力时,"婴童,玩具及消闲用品",657896882.3
1100.HK,飞达控股,体育,656621605.4
0277.HK,太兴置业,,654269603.9
8195.HK,传承教育集团,,654075651.8
6068.HK,光正教育,"K12教育,教育服务",653446200
0898.HK,万事昌国际,,652137890
0789.HK,雅天妮集团,品牌服饰,651341195.5
0413.HK,南华集团控股,"婴童,玩具及消闲用品",647843806.4
1609.HK,创建集团控股,,643756084
2152.HK,苏新服务,,643669390
2458.HK,望尘科技控股,,643080000
1980.HK,天鸽互动,"人工智能,手机游戏,电子商务,知名公司,网络游戏",641979084.2
0618.HK,北大资源,"现代服务业,红筹股,香港房地产",641679485.2
3999.HK,大成食品,"农业现代化,台资企业",640199070
0201.HK,华大酒店,连锁酒店,635240644
0089.HK,大生地产,物业投资,632873287.2
0185.HK,正商实业,"物业投资,香港房地产",631417600.8
0204.HK,资本界金控,互联网+,631296494.1
9933.HK,GHW Intl,,630000000
0701.HK,北海集团,"殡葬,现代服务业",628216277.7
1332.HK,透云生物,,625727329.2
3928.HK,S&T Hldgs,基础建设,624000000
0239.HK,白花油,物业投资,623280000
1084.HK,绿新亲水胶体,食品添加剂,622266000
0628.HK,国美金融科技,"博彩,紫光系",618557194.5
1570.HK,伟业控股,,617819428.8
1412.HK,隽思集团,,617120000
2146.HK,荣万家,"冬奥会,物业管理",616640000
2422.HK,润歌互动,,615000000
0938.HK,民生国际,"物业投资,香港房地产",614838665.3
1346.HK,利华控股集团,,613536000
1583.HK,亲亲食品,,611628211.2
8011.HK,百田石油,天然气,610080178.9
6136.HK,康达环保,节能环保,609824475
1966.HK,中骏集团控股,"人工智能,内地房地产",608110002.1
0730.HK,首惠产业金融,"文化传媒,红筹股,财产管理",607804082.6
0825.HK,新世界百货中国,"电子商务,百货业,零售股",607012200
2327.HK,美瑞健康国际,生物医药,605875982.1
8540.HK,胜利证券,,605334840
2166.HK,芯智控股,"芯片替代,集成电路",601077666.9
0191.HK,丽新国际,品牌服饰,600694252.7
0225.HK,博富临置业,物业投资,600477648.3
0154.HK,北京控股环境集团,"生物质能发电,红筹股,节能环保",600144060
1285.HK,嘉士利集团,,597600000
8246.HK,中华燃气,,594043632
1278.HK,中国新城镇,"物业投资,香港房地产",593301031.4
0918.HK,国能国际资产,品牌服饰,590456654.3
0655.HK,香港华人有限公司,现代服务业,589492628.6
0166.HK,新时代能源,天然气,585699058.2
0346.HK,延长石油国际,"天然气,石化股,石油股",583054485.6
3389.HK,亨得利,奢侈品股,576926483.6
8026.HK,朗华国际集团,"互联网+,移动互联网",575609173.5
0771.HK,自动系统,软件外包,575250579.5
3348.HK,中国鹏飞集团,,575000000
0531.HK,顺诚,"台资企业,家具",574904806.9
8519.HK,佳民集团,餐饮连锁,574091100
2185.HK,百心安-B,生物医药B类,574022672.5
0235.HK,中策资本控股,现代服务业,570787107.4
1181.HK,唐宫中国,餐饮连锁,570294575
0039.HK,中国北大荒,,569908087.5
8418.HK,傲迪玛汽车,,569500000
1036.HK,万科海外,物业投资,568710780.7
1909.HK,火岩控股,"手机游戏,网络游戏",568320000
2132.HK,誉燊丰控股,基础建设,568000000
1522.HK,京投交通科技,移动互联网,566229616.3
0672.HK,众安集团,内地房地产,563580980
1125.HK,丽丰控股,医美,562756853.1
1481.HK,竣球控股,,561000000
1790.HK,达力环保,,560000000
1283.HK,高升集团控股,,560000000
2439.HK,中宝新材,次新股,560000000
1023.HK,时代集团控股,,559949400
0455.HK,天大药业,"抗癌,涉矿,生物医药",559010889.8
6998.HK,嘉和生物-B,生物医药B类,558642287.5
2000.HK,晨讯科技,"5G,智能穿戴,电讯设备",557271338
0046.HK,科联系统,软件外包,556848864
0676.HK,创信国际,"台资企业,品牌服饰",555294000
2210.HK,京城佳业,物业管理,552935344
0500.HK,先丰服务集团,现代服务业,552778752.6
6898.HK,中国铝罐,工业4.0,551932060
2170.HK,贝康医疗-B,"三胎,生物医药B类,辅助生殖",549787260
0213.HK,乐声电子,物业投资,549505777.2
0827.HK,玖源集团,农业现代化,548551876.5
2197.HK,三叶草生物-B,"抗疫,生物医药B类",544716030.2
1741.HK,日赢控股,,544000000
1827.HK,卓珈控股,医美,544000000
0129.HK,泛海集团,连锁酒店,541110738.1
6885.HK,金马能源,meitanhk,540775210
2292.HK,晋安实业,,540000000
2189.HK,嘉涛(香港)控股,,540000000
1431.HK,原生态牧业,乳业,539407086
8371.HK,尝高美集团,餐饮连锁,537748320
1222.HK,宏安集团,,537383701.6
1542.HK,台州水务,,534000000
0343.HK,文化传信,文化传媒,533970181.1
2599.HK,祥生控股集团,内地房地产,532595525
0040.HK,金山科技工业,"消费电子,电子信息",530975563.8
8095.HK,北大青鸟环宇,"国企改革,旅游及观光,电子信息,高校",530062400
1628.HK,禹洲集团,"MSCI,内地房地产",530056669.5
0757.HK,阳光能源,"光伏太阳能,台资企业,太阳能,碳中和,钙钛矿电池",528479610.1
2030.HK,卡宾,品牌服饰,528188470
0611.HK,中国核能科技,"核电,核电核能,红筹股,连锁酒店",527830528.5
0897.HK,位元堂,"中医药,生物医药",526996299.6
0621.HK,坛金矿业,黄金,526392687.4
1565.HK,成实外教育,"K12教育,教育服务",525089370
1293.HK,广汇宝信,"汽车零售,现代服务业,电子商务",524939614.4
2298.HK,都市丽人,品牌服饰,524123530.6
1906.HK,博尼控股,,522000000
0301.HK,三和精化,,521977500
0139.HK,中达集团控股,集成电路,519474764.3
0690.HK,联康生物科技集团,"健康产业,生物医药,肝炎",517741404.3
1170.HK,信星集团,"台资企业,品牌服饰",517506378.2
0279.HK,裕承科金,"现代服务业,金融科技",516865856.8
0264.HK,中联发展控股,,515880000
6123.HK,圆通国际快递,"双十一,物流",512631800
0296.HK,英皇娱乐酒店,博彩,511051122.7
1461.HK,中泰期货,"中资券商股,国企改革,财产管理",510969000
6036.HK,光丽科技,,510677250
0219.HK,顺豪物业,"物业投资,连锁酒店",510182894.3
1028.HK,千百度,品牌服饰,508865000
3686.HK,祈福生活服务,,507875000
6988.HK,乐享集团,"SaaS,短视频",507592420.8
0831.HK,利亚零售,餐饮连锁,505321033.1
1301.HK,德基科技控股,,505132320
2501.HK,迈越科技,次新股,505000000
8368.HK,中国创意控股,"影视娱乐,文化传媒",502684015.5
8476.HK,大洋环球控股,,501200000
1085.HK,亨鑫科技,"数据中心,电子信息,电讯设备",500520000
1575.HK,慕容家居,家具,500500000
2239.HK,国微控股,"区块链,电讯设备,紫光系,芯片替代",500395264.6
3860.HK,EPS创健科技,,500000000
6966.HK,中国万桐园,,500000000
2399.HK,中国安储能源,品牌服饰,499660798
1203.HK,广南(集团),"物业投资,红筹股,铁矿石",499176306.8
2281.HK,兴泸水务,,498631800
1925.HK,旷世控股,家具,498201660
0216.HK,建业实业,香港房地产,496231337.7
3398.HK,华鼎控股,品牌服饰,495557048
1895.HK,鑫苑服务,物业管理,493725000
0366.HK,陆氏集团(越南),物业投资,492506269.6
3828.HK,明辉国际,现代服务业,491956007
2516.HK,泛远国际,次新股,491400000
8310.HK,大丰港,物流,489440000
0217.HK,中国诚通发展集团,红筹股,489100073.7
6833.HK,兴科蓉医药,医疗器械,487893740.4
0993.HK,华融金控,财产管理,487736816.6
8391.HK,基石科技控股,,487431669.5
2023.HK,中国绿岛科技,"家具,现代服务业",486882000
0438.HK,彩虹新能源,"国企改革,碳中和",486648913.2
0406.HK,有利集团,现代服务业,486239496
0472.HK,新丝路文旅,互联网金融,484346342.8
0726.HK,筑友智造科技,香港房地产,483770933.9
9689.HK,金泰丰国际控股,,483600000
0254.HK,国家联合资源,"文化传媒,旅游及观光",482639125
1233.HK,时代中国控股,"内地房地产,粤港澳",481315872.9
6913.HK,华南职业教育,教育服务,480240000
1851.HK,银杏教育,教育服务,480000000
1168.HK,百仕达控股,,478050232.2
0334.HK,华显光电,"台资企业,电子信息",477833592
0278.HK,华厦置业,,477792000
1861.HK,保宝龙科技,,477191190
0543.HK,太平洋网络,"汽车零售,电子商务,移动互联网",476951020.1
6822.HK,科劲国际,家具,476000000
0929.HK,国际精密,汽车制造,473514360.8
0420.HK,福田实业,"国企改革,现代服务业,红筹股",471635379.6
0583.HK,长城环亚控股,文化传媒,470323678.8
1027.HK,中国集成控股,家具,470307000
1489.HK,GC Construction,,470000000
8081.HK,恒泰裕集团,"网络游戏,软件外包",469199194.8
0351.HK,亚洲能源物流,节能环保,468819182.3
3638.HK,华邦科技,,468807223.5
0218.HK,申万宏源香港,"红筹股,财产管理",468341606.7
6838.HK,盈利时,,468000000
0852.HK,海峡石油化工,"石化股,石油股",467140099.8
1253.HK,中国绿地博大绿泽,"土壤修复,节能环保",465744796.6
1022.HK,飞鱼科技,"手机游戏,网络游戏",463602146.4
2503.HK,中深建业,次新股,463320000
0199.HK,德祥地产,"物业投资,香港房地产",462671189.1
3883.HK,中国奥园,"内地房地产,知名公司",462629131.2
1319.HK,霭华押业信贷,小额贷款,462536737.4
2188.HK,泰坦能源技术,"充电桩股,太阳能,风电",462528060
0229.HK,利民实业,"家用电器,现代服务业",461218871.2
0432.HK,盈大地产,"物业投资,长和系,香港房地产",456565030.4
2176.HK,赛迪顾问,,455000000
1922.HK,银城生活服务,物业管理,454158400
0226.HK,力宝,"物业投资,餐饮连锁",453701709.4
0673.HK,中国卫生集团,健康产业,450255077.2
2119.HK,捷荣国际控股,非酒精饮料,446853537.4
1553.HK,迈科管业,铁矿石,446814000
0128.HK,安宁控股,,445677842.5
9928.HK,时代邻里,物业管理,443552736.2
2352.HK,东原仁知服务,物业管理,442139722.2
8659.HK,易和国际控股,,441604828.4
1761.HK,宝宝树集团,"三胎,独角兽",440088576.4
0924.HK,坤集团,,440000000
2222.HK,雷士国际,"LED,家具,智能家居,节能环保",436255362.2
9939.HK,开拓药业-B,"抗疫,生物医药B类",434074612
1823.HK,华昱高速,,433238400
1673.HK,华章科技,工业4.0,430956198.1
0565.HK,锦艺集团控股,现代服务业,430208826.1
0623.HK,中视金桥,文化传媒,429320894.1
8349.HK,硅鑫集团,,428000000
0608.HK,达利国际,品牌服饰,427861588
0103.HK,首佳科技,"新材料,红筹股",424968856.7
2521.HK,升辉清洁,次新股,422500000
0451.HK,协鑫新能源,"光伏太阳能,太阳能,新经济,碳中和",420276877.9
0418.HK,方正控股,"移动互联网,红筹股,软件外包",419911447.6
2421.HK,嘉创地产,次新股,419452784
1118.HK,高力集团,,419296033.4
1393.HK,恒鼎实业,"meitanhk,煤化工",419078606
0529.HK,新龙国际,"现代服务业,电讯设备",416949999
1518.HK,新世纪医疗,,416521250
0210.HK,达芙妮国际,台资企业,415505670.1
0527.HK,瑞风新能源,"电子信息,风电",413928940.5
0037.HK,远东酒店实业,连锁酒店,413891395.5
0082.HK,疯狂体育,"互联网+,彩票股,手机游戏,网络游戏",411878325.2
0496.HK,卡森国际,"家具,海南板块",411295436.1
1410.HK,安领国际,,409964085
1466.HK,钱唐控股,,409150673.9
0138.HK,中建富通,"婴童,汽车零售",409112170.3
0702.HK,中国油气控股,"天然气,石油股,页岩气",408143566.4
0974.HK,中国顺客隆,,406639800
0640.HK,星谦发展,,405612774.7
8047.HK,中国海洋发展,"移动互联网,移动支付",403768402.2
0715.HK,中泛控股,物业投资,403566326.5
8005.HK,裕兴科技,"NFT,区块链,数据中心,消费电子,电子信息",403008177.6
0195.HK,绿科科技国际,小金属,402970000
1721.HK,FSM Holdings,铁矿石,400000000
8603.HK,亮晴控股,,400000000
0328.HK,爱高集团,"消费电子,电子信息",398096827.1
0423.HK,经济日报集团,文化传媒,397072000
1026.HK,环球实业科技,移动支付,396936000
0926.HK,碧生源,健康产业,392472527.9
6113.HK,UTS Marketing,,392000000
8215.HK,第一信用,小额贷款,391910400
1419.HK,盈健医疗,牙科医疗,390938800
1328.HK,金涌投资,软件外包,390846806.9
0097.HK,恒基发展,物业投资,390057906.6
6866.HK,佐力小贷,融资租赁,389400000
1739.HK,齐屹科技,SaaS,389303770.6
1265.HK,天津津燃公用,"国企改革,天然气",388093945.8
0439.HK,光启科学,"人工智能,现代服务业",387886518.2
0265.HK,东胜智慧城市服务,"在线旅游,旅游及观光",387662265.5
0828.HK,王朝酒业,红筹股,387311618.7
8037.HK,中国生物科技服务,健康产业,385292460
0126.HK,佳宁娜,餐饮连锁,384983057.9
1808.HK,企展控股,互联网+,383666987.8
0989.HK,华音国际控股,香港房地产,381792856.8
0556.HK,泛亚环保,"环保,节能环保",381150000
2321.HK,双财庄,,380057000
0756.HK,森美控股,"农业现代化,非酒精饮料",378019674.2
1771.HK,新丰泰集团,汽车零售,378000000
0922.HK,安贤园中国,殡葬,377631735.5
2221.HK,创业集团控股,基础建设,377441051.5
0595.HK,先思行,"LED,创投,电子信息,网络游戏",377095270.3
2389.HK,北京健康,"健康产业,养老",375643865.7
0150.HK,Hypebeast,,373851520
3332.HK,中生联合,健康产业,373787856.2
0592.HK,堡狮龙,"品牌服饰,香港",372144659.8
6908.HK,宏光半导体,,371772118.6
1251.HK,华油能源,"天然气,页岩气",369263663.8
2230.HK,羚邦集团,NFT,368520000
8267.HK,蓝港互动,"人工智能,区块链,手机游戏,网络游戏",367974964
0912.HK,信佳国际,"消费电子,电子信息",367379100
1587.HK,欣融国际,食品添加剂,367200000
0679.HK,亚洲联网科技,,366376662
1143.HK,中国储能科技发展,"消费电子,电子信息,辅助生殖",366095856
2131.HK,云想科技,"SaaS,抖音,短视频",366002680
1148.HK,新晨动力,"汽车制造,红筹股",365430361.3
1815.HK,金猫银猫,,365173136.8
0722.HK,联合医务,"健康产业,牙科医疗",364929859.8
0399.HK,领航医药生物科技,生物医药,360147342
1376.HK,RafflesInterior,,360000000
0733.HK,合富辉煌,"内地房地产,房地产服务,现代服务业",357299494.2
2112.HK,恩典生命科技,"涉矿,铁矿石",357000000
1397.HK,碧瑶绿色集团,节能环保,356900000
3313.HK,雅高控股,涉矿,355534065
0137.HK,金辉集团,,355293951.6
1962.HK,训修实业,,354052080
9600.HK,新纽科技,SaaS,353931480
3321.HK,伟鸿集团控股,,353255000
0214.HK,汇汉控股,物业投资,353167078.3
1245.HK,Niraku,博彩,352775885.7
2271.HK,众安智慧生活,次新股,351841520
0223.HK,易生活控股,页岩气,350353243.7
1939.HK,东京中央拍卖,,350000000
1110.HK,金活医药集团,健康产业,348600000
0585.HK,元汇集团,文化传媒,348567060.2
1292.HK,长安民生物流,"军工股,国企改革,物流",348437600
1778.HK,彩生活,"京东,物业管理,现代服务业",348081026.4
0653.HK,卓悦控股,"健康产业,化妆美容股,香港",347065067.9
1577.HK,汇鑫小贷,,346800000
3778.HK,中国织材控股,,344396250
1623.HK,海隆控股,天然气,344377035.8
0532.HK,WKK Intl (Hold),电子信息,343052043.1
2216.HK,堃博医疗-B,生物医药B类,342678749.4
0800.HK,A8新媒体,"互联网+,手机游戏,文化传媒",341058659.2
6158.HK,正荣地产,内地房地产,340684968
1556.HK,建业建荣,,340500000
0526.HK,利时集团控股,,337848856.4
0280.HK,景福集团,奢侈品股,336444132.1
1120.HK,雅视光学,,336049135.4
2370.HK,力高健康生活,,336000000
1046.HK,寰宇娱乐文化,影视娱乐,335453942.1
2347.HK,友和集团,,335000000
3639.HK,亿达中国,"内地房地产,现代服务业",333332130
3623.HK,中国金融发展,融资租赁,331384761.6
2486.HK,普乐师集团控股,次新股,331028896
0397.HK,嬴集团,"光伏太阳能,太阳能",330697320.9
3616.HK,恒达集团控股,内地房地产,330000000
2789.HK,远大中国,节能环保,329062902
0236.HK,香港生力啤,啤酒,328742092.8
8613.HK,东方支付集团控股,金融科技,328372453.4
0180.HK,开达集团,"物业投资,玩具及消闲用品",327952856.9
6893.HK,衍生集团,健康产业,327538800
0765.HK,威发国际,"婴童,玩具及消闲用品",326923607
3301.HK,融信中国,内地房地产,326585694.9
0969.HK,华联国际,"农业现代化,红筹股",326485820
0607.HK,丰盛控股,"健康产业,建筑节能",324749606.3
1129.HK,中国水业集团,节能环保,324717890.3
1141.HK,民银资本,现代服务业,324614891
0286.HK,爱帝宫,"MSCI,三胎,健康产业",323756093.1
0927.HK,富士高实业,"消费电子,电子信息",323637640
8229.HK,未来数据集团,,322541200
0822.HK,嘉瑞国际,现代服务业,321754104
6882.HK,东瀛游,"旅游及观光,现代服务业",321568000
0365.HK,芯成科技,"工业4.0,紫光系,高校",321555000
0298.HK,庄士中国,"现代服务业,香港房地产",321543838.3
1202.HK,四威科技,"国企改革,现代服务业,电讯设备",320000000
1111.HK,华视集团控股,次新股,319819750
1598.HK,21世纪教育,"K12教育,教育服务",319331100
3368.HK,百盛集团,"现代服务业,百货业,零售股",318778402.3
0987.HK,中国再生能源投资,节能环保,318281997.9
1020.HK,赛伯乐国际控股,,318035840.4
0936.HK,佳兆业资本,"融资租赁,重型机械股",318000000
1663.HK,汉港控股,内地房地产,317856000
0860.HK,Apollo出行,,317232252.2
1498.HK,培力农本方,"中医药,生物医药",316717820
9900.HK,德益控股,,316200000
8021.HK,汇隆控股,,316076223.6
2882.HK,香港资源控股,,315515773.2
2125.HK,稻草熊娱乐,"影视娱乐,电影",315177390
2207.HK,融信服务,物业管理,315024480
2205.HK,康桥悦生活,物业管理,315000000
0295.HK,江山控股,太阳能,314253292.9
2336.HK,硕奥国际,"电子信息,芯片替代,铜",312336651.9
8502.HK,远航港口,自由贸易港,312000000
1667.HK,迪米生活控股,,312000000
1957.HK,大人国际,,310860000
0244.HK,先施,物业投资,308781201.6
3662.HK,星悦康旅,物业管理,308656250
0320.HK,金宝通,,307527100
3603.HK,信基沙溪,,307500000
8039.HK,中国来骑哦,,305660000
1188.HK,正道集团,,305293091.2
0910.HK,中国三迪,"节能环保,香港房地产",305292452.8
0821.HK,汇盈控股,财产管理,304243333.9
0557.HK,天元医疗,"现代服务业,辅助生殖",303224438.2
0685.HK,世界华文媒体,文化传媒,302015287.1
8132.HK,百能国际能源,节能环保,301780130.7
2280.HK,慧聪集团,"互联网+,区块链,双十一,独角兽,电子商务",301284157.4
1282.HK,中泽丰,电子信息,300160000
1960.HK,TBKS HLDGS,基础建设,300000000
1105.HK,星岛,文化传媒,299384625.8
0042.HK,东北电气,,299220840.9
1068.HK,雨润食品,"农业现代化,猪肉",298931926.6
1383.HK,Let Group,"内地房地产,旅游及观光",298289828.1
0721.HK,中国金融国际,财产管理,296234118.8
1753.HK,兑吧,SaaS,296126380
0707.HK,亚洲电视控股,现代服务业,294993036
0684.HK,亚伦国际,家用电器,293087977.6
2182.HK,天长集团,烟草,291400000
1867.HK,标准发展集团,,291330000
1945.HK,清科创业,,290817800
6033.HK,电讯数码控股,电讯设备,290702160
1538.HK,中奥到家,"物业投资,物业管理",290547000
0114.HK,兴利集团,"玩具及消闲用品,现代服务业",290155566.2
6909.HK,百得利控股,汽车零售,289462500
0713.HK,世界(集团),家具,289122858.7
0106.HK,朗诗绿色管理,"养老,香港房地产",288060760.2
1063.HK,新确科技,"电子信息,电讯设备",287706337.8
0227.HK,第一上海,"中资券商股,物业投资",286979067.6
1298.HK,云能国际,医疗美容器械,286454480
2293.HK,百本医护,,285746600
6939.HK,美佳音控股,,285312500
1572.HK,中国艺术金融,,285260000
2892.HK,万城控股,香港房地产,285000000
0370.HK,国华,"消费电子,物流",284444134.8
6663.HK,国际永胜集团,,284000000
2226.HK,老恒和酿造,食品添加剂,283587500
0332.HK,元亨燃气,节能环保,281461708.6
8426.HK,雅居投资控股,物业管理,280000000
6839.HK,云南水务,"国企改革,节能环保",279211948.9
2440.HK,濠暻科技,,279000000
0854.HK,威雅利,"电子信息,芯片替代",278638115.8
1094.HK,承辉国际,移动互联网,276505979.7
1937.HK,佳辰控股,,275000000
1025.HK,嘉艺控股,,273790597.3
1676.HK,中国升海集团,,273600000
1915.HK,泰和小贷,,273000000
6063.HK,智中国际,,272000000
0738.HK,莱尔斯丹,品牌服饰,271769598.1
0487.HK,实德环球,"博彩,在线旅游,彩票股,旅游及观光",270957015.8
0994.HK,中天顺联,,270841830
6116.HK,拉夏贝尔,品牌服饰,270080733
2209.HK,喆丽控股,,270044258.8
1903.HK,JBB Builders,,270000000
0979.HK,绿色能源科技集团,节能环保,269905327
8308.HK,古兜控股,连锁酒店,269513034.6
0980.HK,联华超市,"国企改革,电子商务,知名公司,阿里巴巴",268704000
2212.HK,高鹏矿业,涉矿,268581096
0674.HK,中国唐商,连锁酒店,267420392.5
0096.HK,友成控股,汽车制造,267350832
1207.HK,上置集团,内地房地产,267341278.4
2019.HK,德信中国,,267240690
1985.HK,美高域,,267000000
8329.HK,海王英特龙,生物医药,266802000
1993.HK,雅仕维,文化传媒,266700906.5
1008.HK,力图控股,,266540387.8
1932.HK,中漆集团,,265000000
1480.HK,恩达集团控股,集成电路,264000000
1372.HK,中国碳中和,"NFT,基础建设,碳中和",262542000
3683.HK,荣丰亿控股,融资租赁,261968716.1
0629.HK,悦达国际控股,"小金属,红筹股",261772339.6
0464.HK,中国智能科技,"健康产业,家用电器",261245460
0833.HK,华讯,"家用电器,小米,电子信息",260181999
3363.HK,正业国际,,260000000
2147.HK,正味集团,,260000000
0641.HK,中国恒天立信国际,红筹股,258550894
0832.HK,建业地产,内地房地产,258325717.7
2376.HK,鲁商服务,物业管理,257346200
8512.HK,凯富善集团控股,家具,256300000
1459.HK,巨匠建设,,256012800
2372.HK,伟立控股,,256000000
0075.HK,渝太地产,"物业投资,香港房地产",255858372.8
0171.HK,银建国际,"物业投资,红筹股",255838306.8
8176.HK,超人智能,医疗美容器械,255134711.6
1710.HK,致丰工业电子,,255000000
2115.HK,捷芯隆,,254800000
1172.HK,融太集团,现代服务业,254284653
1712.HK,龙资源,"金属镍,黄金",252954580.8
1399.HK,锐信控股,,252880289.1
0681.HK,中民控股,天然气,250167713.7
1661.HK,智美体育,体育,250091894
2350.HK,数科集团,,250000000
2457.HK,步阳国际,,250000000
0717.HK,英皇资本,财产管理,249411291.8
2086.HK,高维科技,海航系,249260615.8
8311.HK,圆美光电,"电子信息,电讯设备",249259441.4
1991.HK,大洋集团,"台资企业,电子信息",248939113.5
1418.HK,盛诺集团,"健康产业,家具",248500284
1832.HK,海天地悦旅,连锁酒店,248400000
1612.HK,永胜医疗,医疗器械,248267806.2
8601.HK,宝燵控股,基础建设,248000000
1443.HK,富临集团控股,餐饮连锁,247000000
1039.HK,畅由联盟,汽车制造,246289645
3708.HK,中国供应链产业,现代服务业,246136000
0613.HK,梧桐国际,物业投资,245837195.5
1582.HK,华营建筑,,245000000
8360.HK,利骏集团香港,,244986320
0361.HK,顺龙控股,"体育,玩具及消闲用品",244458750
8405.HK,恒智控股,信息安全,244000000
0294.HK,长江制衣,,243962271.8
1206.HK,同方泰德,"建筑节能,红筹股",242479578.6
8270.HK,中国煤层气,天然气,242079414.8
1314.HK,翠华控股,餐饮连锁,241319723
1955.HK,庄臣控股,,240000000
8172.HK,拉近网娱,"影视娱乐,文化传媒",239920469.6
8213.HK,荣晖控股,餐饮连锁,239555062.5
2297.HK,润迈德-B,生物医药B类,239398795
0311.HK,联泰控股,现代服务业,237845913.2
8098.HK,昌利控股,财产管理,237600000
1996.HK,弘阳地产,,237061758
2107.HK,第一服务控股,物业管理,237000000
2286.HK,辰兴发展,内地房地产,236999995.7
8023.HK,邝文记,,235990380
0104.HK,冠亚商业,,235343814.3
0021.HK,大中华控股,香港房地产,234538771
1146.HK,中国服饰控股,品牌服饰,234290600
1455.HK,科利实业控股,家用电器,233976937.5
0851.HK,盛源控股,财产管理,233722193.4
0313.HK,裕田中国,香港房地产,233366872.6
1449.HK,立德教育,教育服务,233333450
1262.HK,蜡笔小新食品,"婴童,知名公司",232570975
0475.HK,中发展控股,,232538400
1947.HK,美皓集团,,231000000
1884.HK,eprint集团,现代服务业,231000000
1900.HK,中国智能交通,互联网+,230885992.9
0117.HK,天利控股集团,集成电路,230872500
8203.HK,凯顺控股,,230449258.4
0925.HK,北京建设,"内地房地产,物流,红筹股",229987945.4
0417.HK,谢瑞麟,奢侈品股,229247467.6
1669.HK,环球信贷集团,"互联网信贷,小额贷款",228000000
3326.HK,保发集团,,227971530
1073.HK,大禹金融,农业现代化,227866038
1413.HK,广联工程控股,,227000000
1226.HK,中国投融资,现代服务业,226928130
3302.HK,精技集团,,226416774.9
1062.HK,国开国际投资,"红筹股,财产管理",226372798.1
0731.HK,建发新胜,"红筹股,纸业股",226336133.1
0385.HK,建联集团,,226061713.1
2048.HK,易居企业控股,"房地产服务,租售同权,阿里巴巴",225628679.4
1557.HK,剑虹集团控股,基础建设,225600000
8186.HK,曼妠,,225459907.2
0234.HK,新世纪集团,"旅游及观光,现代服务业",225434379.5
1777.HK,花样年控股,"内地房地产,物业投资",225131316.7
0815.HK,中国白银集团,"涉矿,金属铅,金属锌",224719281.2
1540.HK,澳狮环球,,224402320.4
8350.HK,立桥证券控股,,224000000
0755.HK,上海证大,香港房地产,223190272.7
1520.HK,天机控股,品牌服饰,223023461.4
1034.HK,富汇国际集团控股,基础建设,222400000
1871.HK,向中国际,教育服务,222000000
1218.HK,永义国际,"物业投资,香港房地产",221965209
8128.HK,中国恒有源集团,节能环保,221819333
1240.HK,青建国际,"现代服务业,香港房地产",221674724.4
0983.HK,瑞安建业,,220274236.8
1767.HK,TS Wonders,,220000000
0253.HK,顺豪控股,"物业投资,连锁酒店",219145500
3816.HK,KFM金德,,219000000
0271.HK,亚证地产,,217117065.4
8050.HK,量子思维,软件外包,217000000
1159.HK,星光文化,"影视娱乐,节能环保",216824255.8
2307.HK,锦兴国际控股,,216609831
0913.HK,港湾数字,财产管理,216509893.6
8041.HK,荟萃国际(控股),电子商务,216414616.1
1655.HK,Okura Holdings,,216000000
0643.HK,恒富控股,品牌服饰,215962933
0498.HK,蓝河控股,物流,215475845.6
1305.HK,伟志控股,LED,215330500
6890.HK,康利国际控股,铁矿石,215219460
1636.HK,中国金属利用,"节能环保,铜",215114748.5
1097.HK,有线宽频,"F5G,互联网+,数据中心",214038705.6
2246.HK,快狗打车,,213677135.1
2863.HK,高丰集团控股,,213376320
2031.HK,澳至尊,,213360000
0102.HK,凯升控股,博彩,211943895.7
0582.HK,神话世界,"博彩,连锁酒店",211312615.5
1406.HK,清晰医疗,,211250000
2326.HK,新源万恒控股,电子信息,210840721.4
8029.HK,帝国金融集团,"小金属,网络游戏",210241459.6
8487.HK,ISP Global,电讯设备,209325600
6968.HK,港龙中国地产,,209212071
1738.HK,飞尚无烟煤,"meitanhk,煤化工",208462415.8
9916.HK,兴业物联,物业管理,208000000
0375.HK,YGM贸易,,207329740
0080.HK,中国新经济投资,"创投,现代服务业",207192943
6119.HK,天源集团,,207000000
1936.HK,利特米,,205320000
1847.HK,云南建投混凝土,,205285120
0092.HK,冠军科技集团,"彩票股,现代服务业",205149254.4
1134.HK,恒发光学,,205000000
6038.HK,信越控股,,205000000
6899.HK,联众,"手机游戏,网络游戏",204781978.5
3601.HK,鲁大师,,204440000
1010.HK,巴克1798集团,"芯片替代,集成电路",204375318.2
0638.HK,建溢集团,"婴童,家用电器,涉矿",204116400
2177.HK,优趣汇控股,,204050481
1447.HK,新福港,,204000000
1949.HK,Platt Nera,,204000000
6829.HK,龙升集团控股,,204000000
1473.HK,环联连讯,电讯设备,204000000
6133.HK,维太创科,"5G,电子信息,电讯设备",204000000
1757.HK,俊裕地基,基础建设,204000000
3963.HK,融众金融,融资租赁,203654387
8619.HK,饮食天王(环球),,203280000
0758.HK,新华联资本,物业投资,202649874.2
1835.HK,瑞威资管,财产管理,202408800
0132.HK,兴业控股,健康产业,202054838.8
1335.HK,顺泰控股,现代服务业,202033301.8
0442.HK,域能控股,海航系,201942000
1460.HK,扬科集团,,201845771.8
1953.HK,Rimbaco,,201600000
2700.HK,格林国际控股,婴童,201267881.4
2708.HK,艾伯科技,,201204563.5
1869.HK,利宝阁集团,"餐饮连锁,香港",201128200
1643.HK,现代中药集团,中医药,201000000
8657.HK,True Partner,,200000000
1640.HK,瑞诚中国传媒,,200000000
0572.HK,未来世界控股,现代服务业,199684244.5
1547.HK,IBI GROUP HLDGS,,199200000
0368.HK,德合集团,,199200000
1901.HK,飞扬集团,旅游及观光,198016000
2682.HK,润利海事,,198000000
1930.HK,勋龙,,198000000
2455.HK,润华服务,,198000000
8527.HK,聚利宝控股,餐饮连锁,197500000
3839.HK,正大企业国际,生物医药,197389014.2
2165.HK,领悦服务集团,物业管理,197122650
1185.HK,中国航天万源,"军工股,红筹股,风电",196604805.1
0954.HK,常茂生物,"健康产业,国企改革,食品添加剂",195989000
1407.HK,交运燃气,,195800000
1312.HK,华控康泰,,195600012.2
0519.HK,实力建业,"养老,连锁酒店,香港房地产",195526767.3
0146.HK,太平地毡,,195212489
1613.HK,协同通信,"5G,卫星导航,智能家居",195203216
8446.HK,耀星科技集团,影视娱乐,195175654.6
1002.HK,威铖国际,电子信息,193831122.5
1215.HK,开源控股,"物业投资,连锁酒店",191683197.1
0764.HK,永恒策略,文化传媒,190980324.3
6958.HK,正荣服务,物业管理,190900000
6860.HK,指尖悦动,"手机游戏,新经济",189890712
1938.HK,珠江钢管,"天然气,页岩气",189083554
6999.HK,领地控股,,188957880
2885.HK,彼岸控股,,188000000
1451.HK,万成集团股份,,188000000
8481.HK,盛龙锦秀国际,,187500000
1732.HK,象兴国际,,187200000
0620.HK,大唐西市,,186907064.4
1615.HK,奥邦建筑,,186000000
1058.HK,南粤控股,红筹股,185616555
1897.HK,美亨实业,,185610433.5
0814.HK,北京京客隆,国企改革,185499000
3699.HK,光大永年,财产管理,185388000
1132.HK,橙天嘉禾,影视娱乐,184778157.3
1260.HK,皓天财经集团,现代服务业,184232640
0125.HK,新兴光学,现代服务业,183944800.2
8040.HK,快意智能,,183600000
0188.HK,新华汇富金融,财产管理,182407230
1037.HK,云智汇科技,"富士康,电子信息",182401296.5
1975.HK,新兴印刷,,182400000
0287.HK,永发置业,,182000000
1845.HK,维港环保科技,节能环保,181333560
1971.HK,弘阳服务,物业管理,180525000
0122.HK,鳄鱼恤,品牌服饰,180507073.8
8297.HK,海纳星空科技,,179282408.5
0118.HK,大同机械,,179281583.9
0372.HK,保德国际发展,物业投资,178618030.2
0718.HK,太和控股,,178500675
1220.HK,志道国际,,178200000
1758.HK,博骏教育,"K12教育,教育服务",177918276.6
0859.HK,中昌国际控股,,177754277.4
0459.HK,鋑联控股,"房地产服务,现代服务业",176917695.6
0759.HK,CEC国际,电子信息,176540561.5
8283.HK,中食民安,,176000000
0077.HK,进智公共交通,现代服务业,174024320
8017.HK,捷利交易宝,互联网金融,174000000
0712.HK,卡姆丹克太阳能,"光伏太阳能,太阳能,碳中和",172767516.2
0559.HK,德泰新能源集团,连锁酒店,172650848.7
1580.HK,大森控股,,172021688.7
0063.HK,中亚烯谷集团,物业投资,171965227.1
6888.HK,英达公路再生科技,"基础建设,节能环保",171561000
1080.HK,胜利管道,"天然气,页岩气",170472086.4
2116.HK,江苏创新,,170400000
8281.HK,中国金典集团,,170000000
0205.HK,财讯传媒,文化传媒,169312827.9
1490.HK,车市科技,SaaS,169140200
0984.HK,永旺,"电子商务,零售股",169000000
1153.HK,佳源服务,物业管理,168219975
1402.HK,超智能控股,,168080000
8645.HK,米虫元宇宙,,168000000
1284.HK,新传企划,次新股,168000000
1707.HK,致浩达控股,基础建设,168000000
1123.HK,中港照相,"消费电子,现代服务业",167129887.2
0600.HK,中国基建投资,,166526509.9
8480.HK,飞霓控股,,165430540
0483.HK,包浩斯国际,品牌服饰,165321000
8189.HK,泰达生物,"养老,农业现代化",164821500
1762.HK,万咖壹联,,164780281.8
1803.HK,北京体育文化,物流,164738223
3322.HK,永嘉集团,"体育,品牌服饰",164403200
2663.HK,应力控股,,164294350
6162.HK,天瑞汽车内饰,,164000000
1379.HK,温岭工量刃具,,164000000
1427.HK,中国天保集团,,163510112
1001.HK,沪港联合,铁矿石,163305650.3
1561.HK,联洋智能控股,,163014477.3
0090.HK,普星能量,节能环保,162803000
2381.HK,蚬壳电业,家用电器,162000000
0953.HK,邵氏兄弟控股,体育,161835540
6128.HK,烯石电车新材料,现代服务业,161742769.4
1529.HK,乐氏国际控股,,160920480
1559.HK,均安控股,基础建设,160747756.7
1889.HK,三爱健康集团,生物医药,160511125
0111.HK,信达国际控股,"中资券商股,红筹股,财产管理",160301400
2168.HK,佳兆业美好,物业管理,160274400
2195.HK,盈汇企业控股,,160000000
1201.HK,天臣控股,香港房地产,159917625.8
1747.HK,Home Control,消费电子,159594750
8513.HK,加和国际控股,医疗器械,158916752.5
0844.HK,广泰国际控股,品牌服饰,158187305.6
1650.HK,Hygieia Group,,158000000
0436.HK,新宇环保,,157856244.9
8295.HK,金慧科技,财产管理,157608646.5
2060.HK,浦江国际,,156922720
2349.HK,中国城市基础设施,婴童,156413927.1
8170.HK,全民国际,,156256000
8062.HK,俊盟国际,,156000000
8162.HK,港银控股,,155927952
0932.HK,顺腾国际控股,健康产业,155394672
2102.HK,德利机械,,155000000
8413.HK,亚洲富思,,154546000
1388.HK,安莉芳控股,品牌服饰,154182072.9
0387.HK,力丰(集团),物业投资,154150961.5
2683.HK,华新手袋国际控股,,153234750
1685.HK,博耳电力,,153206262
1920.HK,恒新丰控股,,152880000
2135.HK,瑞丽医美,医美,152499920
2263.HK,富石金融,,152000000
0444.HK,Sincerewatch HK,,151098750
1679.HK,瑞斯康集团,芯片替代,150880027.4
0389.HK,通天酒业,农业现代化,150780900
0668.HK,东银国际控股,"太阳能,涉矿,物业投资",150336548.9
1746.HK,万顺集团控股,,150000000
0174.HK,盛洋投资,"物业投资,红筹股",149994520
1632.HK,民商创科,餐饮连锁,149176910
1173.HK,威高国际,品牌服饰,148562078.7
0727.HK,皇冠环球集团,,148381800
1545.HK,设计都会,,148000000
1987.HK,Beng Soon Mach,基础建设,148000000
8473.HK,弥明生活百货,化妆美容股,147840000
0894.HK,万裕科技,电子信息,147419735.5
2623.HK,爱德新能源,"涉矿,铁矿石",147120341.8
9968.HK,汇景控股,,147112000
0471.HK,中播数据,"卫星导航,文化传媒",146975970.8
8237.HK,华星控股,连锁酒店,146580000
1532.HK,中国派对文化,品牌服饰,146294390.9
0513.HK,恒和集团,,146187307.2
0928.HK,帝王国际投资,品牌服饰,146183579.7
0865.HK,建德国际控股,"现代服务业,香港房地产",145949742.4
8353.HK,安科系统,,145900685.9
1417.HK,浦江中国,物业管理,145800000
8362.HK,运兴泰集团,,145600000
0356.HK,鼎立资本,财产管理,144969840
1259.HK,未来发展控股,"三胎,婴童",144969110
1617.HK,南方通信,"5G,新经济,电讯设备",144735360
0923.HK,综合环保集团,节能环保,144690270
8003.HK,世大控股,小金属,144537258.6
0274.HK,复兴亚洲,健康产业,143658530.1
0905.HK,胡桃资本,财产管理,143568454.6
6696.HK,多想云,,143200000
1147.HK,伊登软件,,143146314.5
8167.HK,中国新电信,"数据中心,电讯设备,移动互联网",142832765.2
1162.HK,莹岚集团,,142800000
1683.HK,旷逸国际,现代服务业,142560000
6877.HK,Clsa Premium,,142330300
2258.HK,华滋国际海洋,基础建设,141968800
2339.HK,京西国际,汽车制造,140713071.7
1004.HK,中国智慧能源,节能环保,140615270.4
1759.HK,中油洁能控股,氢能源,140400000
8316.HK,中国红包,基础建设,140356800
2450.HK,淮北绿金股份,,139920000
1338.HK,霸王集团,现代服务业,139147391.7
0499.HK,青岛控股,"互联网+,物业投资",138798917
2129.HK,Legion Conso,,138750000
1917.HK,豆盟科技,,138000000
8668.HK,瀛海集团,旅游及观光,138000000
1701.HK,途屹控股,旅游及观光,138000000
2017.HK,沧海控股,,137925946
1560.HK,星星集团,香港房地产,137922070
0060.HK,香港食品投资,现代服务业,137580580
8491.HK,Cool Link,,137519760
0276.HK,蒙古能源,"meitanhk,天然气",137331869.8
8437.HK,德斯控股,,137196000
0723.HK,信保环球控股,农业现代化,136731527.7
8521.HK,智纺国际控股,,136512000
2193.HK,万景控股,"基础建设,现代服务业",136440850
1247.HK,米格国际控股,"三胎,婴童",136031360
2266.HK,黎氏企业,,136000000
0261.HK,GBA 集团,"电子信息,香港房地产",135822072.4
8225.HK,中国医疗集团,生物医药,135367825.8
8143.HK,金威医疗,"智能医疗,民营医院",135275997.1
0292.HK,泛海酒店,连锁酒店,135208712
8500.HK,天泓文创,,135000000
0915.HK,道和环球,现代服务业,134353750.4
6193.HK,泰林科建,,134000000
0947.HK,摩比发展,"5G,华为,电子信息,电讯设备",132963450.5
1843.HK,快餐帝国,餐饮连锁,132800000
1273.HK,香港信贷,"互联网信贷,小额贷款",132800000
0893.HK,中国铁钛,"涉矿,铁矿石",132691909.2
1351.HK,辉煌明天,短视频,132600000
8609.HK,永续农业,,132500000
1165.HK,顺风清洁能源,"光伏太阳能,太阳能,燃料电池,环保,碳中和",132141762.7
1723.HK,港亚控股,,132000000
8509.HK,威扬酒业控股,,132000000
1549.HK,永丰集团控股,,131750000
3366.HK,华侨城(亚洲),香港房地产,131712416
1280.HK,奇点国峰,"博彩,彩票股",131567846
1446.HK,鸿福堂,"健康产业,非酒精饮料",131188800
1740.HK,新石文化,影视娱乐,129687500
0862.HK,远见控股,移动互联网,129498285.4
0211.HK,大凌集团,物业投资,129403856.2
1101.HK,华荣能源,天然气,128803270.7
2371.HK,创联控股,"互联网+,教育服务",128292001
0943.HK,中证国际,"健康产业,家具",128244840.1
1217.HK,中国创新投资,物业投资,128015786.3
1859.HK,煜盛文化,,128000000
1657.HK,桦欣控股,,128000000
6083.HK,环宇物流(亚洲),,127969994.1
1228.HK,北海康成-B,生物医药B类,127451496
1047.HK,毅兴行,,127374000
1486.HK,思城控股,现代服务业,126834743.2
8315.HK,长城汇理,"安防,手机游戏",126754410.1
8071.HK,中彩网通控股,"博彩,彩票股,涉矿",126523306.3
6878.HK,鼎丰集团汽车,融资租赁,125882814.4
2358.HK,久融控股,"消费电子,电子信息",125856000
1552.HK,BHCC Holding,,124800000
0648.HK,京玖康疗,"专科医院,健康产业,民营医院",123893994.6
1950.HK,帝王实业控股,,123840000
0872.HK,泰坦智华科技,"无人驾驶,智慧城市,汽车制造,高校",123816917
6812.HK,永顺控股香港,,123000000
8020.HK,宏海控股集团,财产管理,122809088.7
0591.HK,中国高精密,工业4.0,122425000
1182.HK,胜龙国际,网络游戏,122331848.5
2051.HK,51信用卡,"互联网信贷,互联网金融,独角兽,知名公司,金融科技",122248816.9
3889.HK,大成糖业,农业现代化,122206880
0491.HK,英皇文化产业,文化传媒,122106953.8
8326.HK,同景新能源,连锁酒店,121882000
8218.HK,毅高国际控股,,121289010.2
2262.HK,梁志天设计集团,,120988506
1246.HK,保集健康,"现代服务业,香港房地产",120862000
0515.HK,中华银科技,"LED,电子信息",120494759.1
1592.HK,基石控股,,120187291.6
1527.HK,天洁环境,"环保,节能环保",120150000
0599.HK,怡邦行控股,,120046103.3
8379.HK,懒猪科技,,120000000
1705.HK,宾仕国际,,120000000
0988.HK,丝路物流控股,煤化工,119372964
0663.HK,金山能源,天然气,118725833.4
1229.HK,南南资源,"meitanhk,煤化工",118632905.5
8205.HK,交大慧谷,"国企改革,电子信息,高校",118560000
8606.HK,倢冠控股,,118559699.8
6182.HK,乙德投资控股,,118400000
1793.HK,伟工控股,,117600000
2178.HK,百勤油服,"天然气,页岩气",117413878.4
3666.HK,上海小南国,"连锁酒店,餐饮连锁",117290643
1822.HK,中木国际,移动互联网,116527975.6
1011.HK,泰凌医药,"创新药,抗癌,生物医药",116199382.8
8402.HK,高原之宝,,116162420
0637.HK,利记,小金属,116025000
8043.HK,Atlinks,电讯设备,116000000
0484.HK,云游控股,"手机游戏,网络游戏",115912821.1
0571.HK,丰德丽控股,"影视娱乐,文化传媒",115887873.2
2329.HK,国瑞健康,物业投资,115554867.6
8536.HK,TL Natural Gas,,115412850
0703.HK,佳景集团,餐饮连锁,115254202.1
1555.HK,MI能源,"天然气,页岩气",115141867.3
8317.HK,财华社集团,互联网+,114977938.5
1496.HK,亚积邦租赁,基础建设,114912000
0181.HK,闽港控股,"物业投资,红筹股,连锁酒店",114554600
0871.HK,中国疏浚环保,"基础建设,节能环保",114294994
2393.HK,巨星医疗控股,,114247910
8496.HK,环球友饮智能,,114000000
2528.HK,尚晋国际控股,,114000000
8196.HK,中国天亿福,,114000000
8490.HK,骏码半导体,,113585500
8112.HK,基石金融,文化传媒,113562131.8
6918.HK,奇士达,玩具及消闲用品,113046084
0262.HK,迪臣发展国际,"健康产业,安防,香港房地产",112945186.2
6816.HK,瑞港建设,基础建设,112800000
1690.HK,立基工程控股,,112684980
0430.HK,东方兴业控股,物业投资,112573244
0510.HK,时富金融服务集团,财产管理,112105442.5
1716.HK,毛记葵涌,,112050000
8525.HK,百应控股,,112050000
1163.HK,虎视传媒,抖音,112050000
9998.HK,光荣控股,,112000000
0948.HK,阿尔法企业,电子信息,111769722.6
8348.HK,滨海泰达物流,"国企改革,物流",111608280
0508.HK,鼎亿集团投资,餐饮连锁,110351745.2
9929.HK,澳达控股,,110000000
1891.HK,兴合控股,,110000000
2330.HK,中国上城,"电子信息,香港房地产",109928538.7
0812.HK,西证国际证券,财产管理,109854918.4
8198.HK,加幂科技,"博彩,彩票股",109681764.4
0162.HK,世纪金花,"现代服务业,百货业,零售股",109220997.9
8103.HK,Hmvod视频,"影视娱乐,软件外包",108736233.5
8178.HK,中国信息科技,"电子商务,移动互联网",108706817.1
0630.HK,隽泰控股,医疗美容器械,108365800.7
0834.HK,康大食品,健康产业,108237000
0022.HK,茂盛控股,连锁酒店,108151332.6
6611.HK,三巽集团,,108084640
1693.HK,璋利国际,,108000000
1927.HK,久久王,,107712000
0593.HK,梦东方,"健康产业,香港房地产",107521819.5
2080.HK,奥克斯国际,物业管理,107470512
0091.HK,金禧国际控股,煤化工,106900720.7
8080.HK,北亚策略,,106809688.1
1842.HK,植华集团,,106800000
1751.HK,景联集团,,106444800
0269.HK,中国资源交通,,106440931.9
0589.HK,建中建设,基础建设,106250000
0876.HK,佳兆业健康,电子信息,105884926.9
1850.HK,鸿盛昌资源,,105120000
0518.HK,同得仕(集团),品牌服饰,105098740.8
1194.HK,湾区黄金,"小金属,贸易战股",104385031.5
3395.HK,吉星新能源,,104345828.8
1968.HK,兴纺控股,,104320000
8646.HK,中国宏光,,104190730
8439.HK,新百利融资,,103335476
0567.HK,大昌微线集团,电子信息,103250404.5
8149.HK,浩德控股,,103231800
0575.HK,励晶太平洋,小金属,102776528.7
0183.HK,宏辉集团,"物业投资,香港房地产",102611174.4
1752.HK,澳洲成峰高教,教育服务,102328548
0312.HK,岁宝百货,"百货业,阿里巴巴,零售股",102295000
1362.HK,新龙移动,"现代服务业,电讯设备",102200000
2340.HK,升柏控股,"物业投资,物业管理",101964000
1718.HK,宏基集团控股,基础建设,101760000
0725.HK,恒都集团,,101468580
0059.HK,天誉置业,内地房地产,101355976.4
0333.HK,黛丽斯国际,,100852646.1
8471.HK,新达控股,,100700000
0675.HK,坚宝国际,,100126800
8146.HK,怡园酒业,,100075000
2680.HK,创升控股,金融科技,100000000
1737.HK,亚洲实业集团,,100000000
0689.HK,长盈集团(控股),小金属,99566536.84
2608.HK,阳光100中国,内地房地产,99481647.6
0632.HK,中港石油,天然气,99341778.88
0682.HK,超大现代,农业现代化,98867474.73
8036.HK,电子交易集团,,98400000
8523.HK,常满控股,基础建设,98000000
3878.HK,Vicon Holdings,基础建设,97838400
0428.HK,中国天弓控股,财产管理,97298918.39
0403.HK,星光集团,现代服务业,97122857.87
1775.HK,精英汇集团,教育服务,96957712
1965.HK,朗诗绿色生活,物业管理,96119010
1591.HK,汛和集团,,96000000
0380.HK,中国管业,新材料,95923152
1647.HK,雄岸科技,区块链,95603200
1130.HK,中国环境资源,农业现代化,95309983.7
1933.HK,元力控股,,95242236.45
8412.HK,新爱德集团,餐饮连锁,94746168
1343.HK,伟源控股,基础建设,94696000
0476.HK,科轩动力控股,小金属,94652725.49
2223.HK,卡撒天娇,"健康产业,家具",94116710
0919.HK,现代健康科技,"健康产业,化妆美容股",94066329.97
2433.HK,中天湖南集团,次新股,93600000
1389.HK,美捷汇控股,,93127999.78
8275.HK,中国新消费集团,,93120668.33
0889.HK,连达科技控股,电子信息,92800000
0550.HK,京基智慧文化,文化传媒,92473402
1959.HK,世纪联合控股,汽车零售,92451966
8436.HK,德宝集团控股,,92000000
3628.HK,仁恒实业控股,,91656000
8452.HK,富银融资股份,,91631700
0072.HK,超媒体控股,文化传媒,91177353.07
1289.HK,盛力达科技,现代服务业,90880000
1160.HK,金石资本集团,财产管理,90756253.13
2227.HK,守益控股,,90644400
8120.HK,国农金融投资,"农业现代化,餐饮连锁",90348200.64
8319.HK,思博系统,,89967360
1699.HK,普甜食品,猪肉,89960000
0907.HK,高雅光学,,89904959.45
1653.HK,MOS House,,89496855
0094.HK,绿心集团,,89039570.69
8268.HK,智城发展控股,,88800000
8363.HK,SDM教育,"健康产业,教育服务",88545600
1348.HK,滉达富控股,"玩具及消闲用品,移动互联网",88453920
8158.HK,中国再生医学,"医疗器械,医药股,生物医药",88233219.2
1722.HK,建鹏控股,,88000000
8168.HK,宝积资本,,88000000
0841.HK,木薯资源,农业现代化,87709007.25
8173.HK,客思控股,小金属,87215343.03
8140.HK,人和科技,"基础建设,重型机械股",87200000
3728.HK,正利控股,,87118000
8159.HK,新华联合投资,电子信息,86592000
1059.HK,看通集团,博彩,85946026.98
0864.HK,永利地产发展,物业投资,85731018.28
1150.HK,米兰站,香港,85436305.05
0899.HK,中加国信,涉矿,85394654.8
8247.HK,中生北控生物科技,"国企改革,生物医药",85377233.84
8325.HK,中国支付通,移动支付,85234272.95
0747.HK,沈阳公用发展股份,,85223808
2012.HK,阳光油砂,"外国公司,天然气",85217538.35
8411.HK,K W Nelson GP,,85000000
9938.HK,华和控股,,85000000
1742.HK,HPC Holdings,,84800000
2728.HK,金泰能源控股,天然气,84645396.87
2088.HK,西王置业,物业投资,84527051.88
1631.HK,REF Holdings,,84480000
8115.HK,上海青浦消防,,84343500
8271.HK,环球数码创意,影视娱乐,84199894.24
8220.HK,比高集团,"影视娱乐,文化传媒",84168462.12
1107.HK,当代置业,内地房地产,83849839.5
6933.HK,新娱科控股,,83797238.83
0084.HK,宝光实业,奢侈品股,83717922
1281.HK,鑫达投资控股,"工业互联网,智慧城市",83137824
0574.HK,百信国际,生物医药,82599602.85
0465.HK,富通科技,现代服务业,82481250
1007.HK,龙辉国际控股,"乳业,餐饮连锁",82190836.26
2159.HK,麦迪卫康,互联网医疗,82000000
8501.HK,庄皇集团公司,,82000000
8033.HK,爱达利网络,软件外包,81943295
1395.HK,强泰环保,节能环保,81940200
1629.HK,冠均国际控股,,81913880.55
0362.HK,中国天化工,煤化工,81805419.62
1671.HK,天保能源,充电桩股,81559662.57
0070.HK,金粤控股,博彩,81430552.98
1232.HK,金轮天地控股,"内地房地产,现代服务业",80955900
0840.HK,天业节水,"农业现代化,国企改革",80525841.8
1323.HK,华盛国际控股,医疗美容器械,80099402.76
2022.HK,游莱互动,"手机游戏,新经济",80000000
0318.HK,黄河实业,移动支付,79894053.21
8406.HK,中国口腔产业,玩具及消闲用品,79800000
1408.HK,濠江机电,,79500000
8372.HK,君百延集团,,79200000
2078.HK,荣阳实业,"电子信息,苹果,铝",79200000
0309.HK,新华通讯频媒,"文化传媒,节能环保",79173861.64
1145.HK,勇利投资,物流,79034656.9
8181.HK,时时服务,物业管理,79029066.55
8019.HK,皓文控股,,78335852.76
8367.HK,倩碧控股,餐饮连锁,78257099.26
9963.HK,高科桥,电讯设备,78000000
0845.HK,恒盛地产,香港房地产,77926456.23
8250.HK,丝路能源,"meitanhk,稀土永磁",77922648.13
8048.HK,御德国际控股,"移动互联网,软件外包",77907600
0339.HK,核心经济投资,财产管理,77760000
8123.HK,华亿金控,"汽车零售,财产管理",77489581.2
8493.HK,龙皇集团,餐饮连锁,77414400
1621.HK,域高国际控股,,77000000
1620.HK,富盈环球集团,旅游及观光,76800000
3789.HK,御佳控股,,76800000
6111.HK,大发地产,内地房地产,76588941
0858.HK,精优药业,"医药股,生物医药",76480000
1000.HK,北青传媒,"国企改革,文化传媒",75964350
1416.HK,CTR Holdings,,75600000
0804.HK,鼎石资本,,75122968.5
8495.HK,1957 & CO.,餐饮连锁,74880000
1500.HK,现恒建筑,,74700000
1433.HK,常达控股,,74000000
8313.HK,杰地集团,房地产服务,74000000
1749.HK,杉杉品牌,,73370000
8093.HK,万星控股,品牌服饰,73200000
1326.HK,传递娱乐,"影视娱乐,文化传媒",72677184.52
0379.HK,恒嘉融资租赁,,72554018.68
1420.HK,川控股,,72137337.6
8472.HK,立高控股,,72000000
1633.HK,上谕集团,,71898750
8445.HK,怡康泰工程集团,,71858800
8082.HK,光尚文化控股,"影视娱乐,殡葬",71264532.81
8483.HK,名仕快相,,71200000
1941.HK,烨星集团,物业管理,70929250
8188.HK,骏杰集团控股,基础建设,70732160
0130.HK,慕诗国际,品牌服饰,70542850
0784.HK,凌锐控股,,70400000
1841.HK,优越集团控股,,70000000
1156.HK,Chinanewenergy,,69591549.96
8045.HK,南大苏富特,"国企改革,网络安全,软件外包,高校",69459000
8307.HK,密迪斯肌,"专科医院,生物医药",69428800
8179.HK,百利达集团控股,"台资企业,连锁酒店",69381717.06
8130.HK,大地国际集团,智能医疗,69171921.68
1210.HK,克莉丝汀,餐饮连锁,69096859.2
8035.HK,骏高控股,,69000000
8100.HK,智易控股,"财产管理,软件外包",68889476.74
1849.HK,秀商时代控股,,68000000
1472.HK,生兴控股,基础建设,68000000
1255.HK,TATA健康,"品牌服饰,香港",67996600
8051.HK,讯智海,互联网+,67957970.7
1695.HK,椰丰集团,食品添加剂,66960000
6108.HK,新锐医药,现代服务业,66873866.28
1902.HK,银城国际控股,,66560258.35
1269.HK,首控集团,"MSCI,教育服务,汽车制造",66528000
8370.HK,智升集团控股,家具,66235332.36
2288.HK,宏基资本,"物业投资,香港房地产",66078672
8219.HK,恒伟集团控股,,66000000
8448.HK,环球印馆,,65868000
0456.HK,新城市建设发展,物业投资,65657224.64
0888.HK,贝森金融,文化传媒,65404566.31
8375.HK,弘浩国际控股,,65088000
2028.HK,映美控股,电子信息,64965439
8403.HK,天平道合,,64800000
1872.HK,冠轈控股,汽车零售,64800000
8296.HK,中国生命集团,殡葬,64605000
8241.HK,英记茶庄集团,非酒精饮料,64012050
1711.HK,欧化,,64000000
0055.HK,中星集团控股,,63086504.54
0164.HK,中国宝力科技,网络游戏,63012504.75
1102.HK,环能国际,天然气,62917496.01
1967.HK,信恳智能,,62500000
8113.HK,扬宇科技,电子信息,62021252.74
8126.HK,G.A.控股,"汽车制造,汽车零售",61919000
8627.HK,旅橙文化,,61600000
0377.HK,中国华君,现代服务业,61543075
1831.HK,十方控股,文化传媒,61300624.29
3938.HK,LFG投资控股,,60894444.75
1429.HK,天任集团,,60800000
8620.HK,亚洲速运,,60720000
0495.HK,百利大,物业投资,60255794.61
1235.HK,专业旅运,"在线旅游,旅游及观光",60163362
1124.HK,沿海家园,香港房地产,60117294.06
0007.HK,智富资源投资,天然气,60042673.24
8451.HK,日光控股,,60000000
1087.HK,威讯控股,电子信息,59966400
1826.HK,丰展控股,,59940000
1152.HK,正乾金融控股,品牌服饰,59902000
2320.HK,合丰集团,,59688012
0260.HK,幸福控股,"天然气,红筹股",59437457.41
8057.HK,麦迪森控股,芯片替代,59197086.57
0076.HK,谊砾控股,天然气,59143583.9
8431.HK,浩柏国际,,58806900
8631.HK,申港控股,,58800000
8139.HK,长安仁恒,新材料,58752000
8245.HK,善裕集团控股,"安防,电讯设备",58599432.75
6880.HK,腾邦控股,健康产业,58501184
1079.HK,松景科技,"台资企业,电子信息",58374876.52
1720.HK,普天通信集团,"5G,电讯设备",58300000
0110.HK,中国长远,"小金属,电讯设备",58177869.2
1706.HK,双运控股,基础建设,58000000
0073.HK,亚洲果业,农业现代化,57516041.94
0767.HK,中基长寿科学,现代服务业,57385602.67
3822.HK,三和建筑集团,"基础建设,现代服务业",57120000
1865.HK,卓航控股,基础建设,56672000
8425.HK,兴铭控股,,56400000
2113.HK,世纪集团国际,,56332500
0794.HK,锦胜集团(控股),,56284280
1396.HK,粤港湾控股,物流,56263189.6
8031.HK,易通讯集团,软件外包,55873125
8305.HK,洢人壹方控股,基础建设,55650000
6189.HK,爱得威建设集团,,55414048.35
8377.HK,维港育马,,55234151.1
1703.HK,维力生活科技,餐饮连锁,55200000
6163.HK,彭顺国际,,55048716
1792.HK,CMON,玩具及消闲用品,54180000
8070.HK,侨洋国际控股,,54000000
8018.HK,汇财金融投资,"互联网金融,电子信息",53952924.15
1912.HK,康特隆,芯片替代,53807996.62
8423.HK,CHI HO DEV,,53600000
8428.HK,国茂控股,餐饮连锁,53186468.58
8065.HK,高萌科技,,53049760
8226.HK,树熊金融集团,,53023006.86
8131.HK,辰罡科技,"移动互联网,软件外包",52815266.98
1546.HK,德莱建业,,52800000
8356.HK,中国新华电视,"基础建设,文化传媒",52719549.31
1315.HK,绿色经济,"建筑节能,现代服务业",52649993.45
8622.HK,华康生物医学,医药股,52616640
1750.HK,全达电器集团控股,,52200000
0209.HK,瀛晟科学,"婴童,玩具及消闲用品",52001929
0901.HK,金石投资集团,财产管理,51941250.82
1581.HK,进升集团控股,,51875000
6900.HK,上坤地产,,51823500
1142.HK,能源及能量环球,涉矿,51481057.01
8028.HK,天时资源,软件外包,51475736.94
1894.HK,恒益控股,,51429200
8067.HK,东方大学城控股,教育服务,51300000
1355.HK,朸浚国际,连锁酒店,51113462.71
1715.HK,火山邑动国际控股,家具,51038100
8489.HK,裕程物流,,51000000
1630.HK,建成控股,,51000000
8257.HK,靖洋集团,台资企业,51000000
8125.HK,仁德资源,,50796720
1862.HK,景瑞控股,内地房地产,50780836.03
3626.HK,Hssp Intl,,50600000
0243.HK,品质国际,集成电路,50530643.1
8535.HK,荧德控股,,50400000
0036.HK,远东控股国际,,50099455.28
1049.HK,时富投资,网络游戏,50046512.22
0605.HK,中国金融投资管理,"融资租赁,金融科技",50019370.01
8221.HK,高裕金融,,50000000
8400.HK,亚洲先锋娱乐,,50000000
0619.HK,南华金融,财产管理,49710716.55
6928.HK,万马控股,,49500000
0760.HK,新天地产集团,内地房地产,49407055.39
0645.HK,安域亚洲,"meitanhk,现代服务业",49264838.5
0986.HK,中国环保能源,电子信息,49198809
2324.HK,首都创投,"创投,财产管理",49155005.13
8357.HK,Republic Hc,,48672000
6080.HK,荣智控股,,48555000
0348.HK,中国智能健康,"中医药,健康产业,玩具及消闲用品",48540292.67
8507.HK,爱世纪集团,,48000000
8027.HK,吉辉控股,文化传媒,47833600
1340.HK,惠生国际,猪肉,47565252
1166.HK,星凯控股,,47490646.8
3997.HK,电讯首科,电讯设备,47486540
1682.HK,杭品生活科技,,47155620
8321.HK,泰锦控股,基础建设,46816000
8462.HK,中安控股集团,,46800000
0167.HK,万威国际,"消费电子,现代服务业",46799875.58
1225.HK,隆成金融,"三胎,台资企业,婴童",46755449.84
0009.HK,金奥国际,"文化传媒,香港房地产",46394278.18
0509.HK,世纪阳光,农业现代化,45811168.43
1013.HK,伟俊集团控股,"现代服务业,电讯设备",45456220.27
8111.HK,中国科技产业集团,生物质能发电,45175715.03
1802.HK,文业集团,,45144000
8007.HK,环球战略集团,"移动互联网,节能环保,铜",45130140
2323.HK,融科控股,集成电路,45016000
8450.HK,钜京控股,,45000000
1213.HK,万保刚集团,电子信息,45000000
8249.HK,瑞远智控,电子信息,45000000
0524.HK,长城天下,现代服务业,44899470
8320.HK,沛然环保,,44896640
8383.HK,东骏控股,,44800000
8432.HK,太平洋酒吧,餐饮连锁,44720000
0646.HK,中国环保科技,节能环保,44643587.6
8475.HK,千盛集团控股,餐饮连锁,44304000
0482.HK,圣马丁国际,"台资企业,消费电子,电子信息",44294534.1
0911.HK,前海健康,生物医药,44055700
1195.HK,京维集团,"集成电路,香港房地产",43411376.06
2211.HK,大健康国际,生物医药,43390726.08
8013.HK,ECI TECH,,43200000
1327.HK,励时集团,,43130880
8239.HK,首都金融控股,"小额贷款,金融科技",43010803.55
8269.HK,富誉控股,虚拟现实,42754694.4
8200.HK,修身堂,"化妆美容股,医疗美容器械",42574696.74
8547.HK,Pacific Legend,家具,42516000
2203.HK,脑洞科技,,42400000
8532.HK,宝发控股,,42400000
8096.HK,赏之味,餐饮连锁,42157500
8447.HK,MS Concept,餐饮连锁,42000000
8290.HK,亚势备份,软件外包,42000000
1189.HK,大湾区聚变力量,连锁酒店,41828185.44
8456.HK,民信国际控股,,41670369.84
1064.HK,中华国际,,41505292.08
0602.HK,佳华百货控股,,41500000.08
8616.HK,新威工程集团,,41000000
2363.HK,通达宏泰,,40844814.84
8333.HK,阿仕特朗金融,,40800000
2448.HK,恒宇集团,,40622400
9918.HK,丽年国际,,40500000
8238.HK,惠陶集团,文化传媒,40435200
2110.HK,天成控股,基础建设,40032000
3830.HK,童园国际,玩具及消闲用品,40000000
2122.HK,凯知乐国际,,40000000
0248.HK,香港通讯国际控股,"互联网+,电讯设备",39850600.19
0997.HK,普汇中金国际,,39755783.57
1637.HK,顺兴集团控股,,39600000
0810.HK,中国铸晨81,财产管理,39598492.36
0145.HK,信能低碳,,39559927.05
3893.HK,易纬集团,家具,39528000
1452.HK,迪诺斯环保,节能环保,39127730.4
8117.HK,中国基础能源,,38911522.68
0197.HK,亨泰,物流,38876011.74
2312.HK,中国金融租赁,节能环保,38852517.98
0176.HK,先机企业集团,"消费电子,电子信息",38618856.32
1241.HK,双桦控股,汽车制造,38350000
0401.HK,万嘉集团,生物医药,38095105.25
0544.HK,大同集团,"物流,现代服务业",37714352
8607.HK,纳尼亚集团,,37600000
8073.HK,兴业新材料,,37440000
0396.HK,兴利(香港)控股,家具,37172417.15
8136.HK,英马斯集团,家具,37000000
0657.HK,环科国际,"连锁酒店,餐饮连锁",36979968.05
1536.HK,煜荣集团,,36860000
8292.HK,盛良物流,,36748800
1616.HK,一元宇宙,影视娱乐,36576809.44
1380.HK,中国金石,,36495856.8
1825.HK,美臻集团,,36240000
8482.HK,万励达,物流,36187070
8056.HK,生活概念,餐饮连锁,36067527.25
8309.HK,万成环球控股,,36000000
8545.HK,佰悦集团,玩具及消闲用品,35769230.76
1371.HK,中国生态旅游,"博彩,彩票股,腾讯",35671507.18
8069.HK,飞道旅游科技,旅游及观光,35390940
8430.HK,春能控股,,35369062.4
1069.HK,中国健康科技集团,农业现代化,35095868
8153.HK,嘉鼎国际集团,农业现代化,34848589.8
8621.HK,Metropolis Cap,融资租赁,34560000
8042.HK,高奥士国际,,34400000
1421.HK,工盖有限公司,基础建设,34200888
8201.HK,宝联控股,,34020000
8392.HK,舍图控股,家具,34000000
0704.HK,和嘉控股,"meitanhk,煤化工",33683295.26
8052.HK,陆庆娱乐,,33443616
8416.HK,HM INTL HLDGS,,33291785
8282.HK,智傲控股,"手机游戏,网络游戏",33120000
8208.HK,WMCH Global,,33120000
1439.HK,移动互联(中国),手机游戏,33059943.89
1470.HK,富一国际控股,,32800000
8106.HK,升华兰德,"国企改革,移动互联网,移动支付",32418954.88
9978.HK,方圆生活服务,房地产服务,32400000
8611.HK,Mindtell Tech,,32370000
8206.HK,神通机器人教育,"教育服务,网络游戏",32226849.29
0601.HK,稀镁科技,,32000135.56
8419.HK,AV策划推广,消费电子,32000000
8401.HK,源想集团,,32000000
8030.HK,汇联金融服务,"互联网+,财产管理",31801822.5
0485.HK,中国华星,"电子信息,香港房地产",31713141.82
2310.HK,时代环球集团,"物业管理,电子信息",31693438.66
8635.HK,连成科技集团,,31600000
8365.HK,亦辰集团,,31399596.8
8210.HK,衍汇亚洲,,31200000
0540.HK,迅捷环球控股,"品牌服饰,现代服务业",31200000
1237.HK,中科生物,"家具,现代服务业",30865912.09
8211.HK,浙江永安,,30841500
0736.HK,中国置业投资,,30724159.69
8217.HK,万民好物,基础建设,30487860
8152.HK,明梁控股,,30000000
0061.HK,绿领控股,"meitanhk,小金属",29996843.03
8366.HK,浙江联合投资,基础建设,29966800
8163.HK,声扬集团,,29010989.38
8118.HK,濠亮环球,家具,29000000
8373.HK,靛蓝星,,28800000
0959.HK,世纪娱乐国际,博彩,28470958.54
8091.HK,奥传思维控股,,28080000
8417.HK,大地教育,教育服务,28006400
0802.HK,中国钱包,"区块链,电子信息",27763113.61
8291.HK,万成金属包装,,27680000
1566.HK,华夏文化科技,"文化传媒,虚拟现实",27186966
0115.HK,钧濠集团,"物业投资,香港房地产",26945095.43
8148.HK,悟喜生活,"手机游戏,网络游戏",26725440
1495.HK,集一控股,"建筑节能,智能家居",26640317.72
8151.HK,宝申控股,,26460000
8277.HK,骏东控股,,26247333.3
3919.HK,金力集团,,25920000
8286.HK,长城微光,"电讯设备,黄金",25326520
8072.HK,罗马元宇宙集团,,25274449.8
0193.HK,冠中地产,"连锁酒店,香港房地产",25069545.11
0660.HK,玮俊生物科技,品牌服饰,24864085.69
8623.HK,中国蜀塔,,24840000
8006.HK,华泰瑞银,"互联网+,移动互联网",24786876.24
0616.HK,高山企业,现代服务业,24755547.84
1360.HK,诺发集团,,24649839.32
8187.HK,积木集团,,24269414.4
0768.HK,开明投资,财产管理,24162911.8
8063.HK,环球大通集团,互联网+,24007306.11
8280.HK,中国数字视频,"小米,虚拟现实",23952616
1266.HK,西王特钢,"新材料,铁矿石",23691109.99
8337.HK,直通电讯,电子信息,23664000
8455.HK,礼建德集团,,23200000
8262.HK,宏强控股,,23082260
8526.HK,荣丰集团亚洲,,22715000
8121.HK,国恩控股,文化传媒,22673920
8156.HK,国药科技股份,"博彩,彩票股",22594245.77
2699.HK,新明中国,物业投资,22543464
8537.HK,创辉珠宝,,22500000
0426.HK,万华媒体,文化传媒,22450400
8079.HK,仍志集团控股,健康产业,22301693.33
8420.HK,Nexion Tech,"信息安全,网络安全",22194000
1736.HK,中国育儿网络,,22180000.38
0352.HK,富阳,"台资企业,房地产服务",22156505.1
0048.HK,中国汽车内饰,汽车制造,21714272.9
8331.HK,倍搏集团,,21639558.4
8510.HK,Topstandardcorp,"餐饮连锁,香港",21565440
8092.HK,ITE Holdings,移动支付,21286684
8066.HK,品创控股,电子信息,21013900
8511.HK,民富国际,,20876902.31
0299.HK,宝新置地,"软件外包,香港房地产",20748474.05
8612.HK,维亮控股,,20736000
0079.HK,世纪建业,物业投资,20216800.23
8222.HK,壹照明,"LED,家具",19845571.37
8076.HK,新利软件,软件外包,19758600
8147.HK,汇思太平洋,"卫星导航,玩具及消闲用品",19584040.43
8133.HK,吉盛集团控股,,19092000
8169.HK,环康集团,节能环保,18187120
1239.HK,Teamway Intl Gp,现代服务业,17755437.24
8385.HK,万里印刷,,17399600
8060.HK,国联通信,安防,17298179.75
8232.HK,Classified Gp,餐饮连锁,17282500
8516.HK,广骏集团控股,基础建设,16853460
8429.HK,华美乐乐,,16800000
8193.HK,亚太金融投资,财产管理,16789128.77
8161.HK,医汇集团,牙科医疗,16640000
8285.HK,森浩集团,,15120000
8150.HK,无缝绿色,"LED,台资企业,家具",15096165.6
8460.HK,基地锦标集团,,15065000
0381.HK,侨雄国际,"婴童,涉矿,玩具及消闲用品",14803327.12
8340.HK,紫荆国际金融,财产管理,14425600
8160.HK,金汇教育,,13619244.45
8059.HK,朝威控股,基础建设,13137865
8191.HK,鸿伟亚洲,粤港澳,13111390.31
8087.HK,中国三三传媒,文化传媒,12787200
8001.HK,东方汇财证券,财产管理,12317184
8341.HK,艾硕控股,,12000000
0745.HK,中国国家文化产业,文化传媒,11874567.1
8427.HK,瑞强集团,,11582406
0058.HK,新威国际,电子信息,11494400
0310.HK,嘉进投资国际,财产管理,11386409.88
8422.HK,WT集团,,11040000
0724.HK,瑞鑫国际集团,电子信息,10250125.36
8293.HK,星亚控股,,9648000
0770.HK,沪光国际,财产管理,9108503.164
8347.HK,F8企业,,8388731.59
8166.HK,中国农业生态,,6500086.55
2515.HK,天津建发,,
6678.HK,百德医疗,,
3588.HK,富途控股-W,,
8335.HK,创徽国际,,
