日期,概念名称,成分股数量,网址,代码
2023-03-01,6G概念,22,http://q.10jqka.com.cn/gn/detail/code/309055/,309055
2023-03-01,时空大数据,25,http://q.10jqka.com.cn/gn/detail/code/300180/,300180
2023-02-21,毫米波雷达,43,http://q.10jqka.com.cn/gn/detail/code/309051/,309051
2023-02-13,数字水印,19,http://q.10jqka.com.cn/gn/detail/code/309050/,309050
2023-02-09,共封装光学（CPO）,18,http://q.10jqka.com.cn/gn/detail/code/309049/,309049
2023-02-07,固态电池,61,http://q.10jqka.com.cn/gn/detail/code/308294/,308294
2023-01-30,ChatGPT概念,62,http://q.10jqka.com.cn/gn/detail/code/309046/,309046
2023-01-29,成飞概念,33,http://q.10jqka.com.cn/gn/detail/code/309045/,309045
2023-01-05,国产航母,36,http://q.10jqka.com.cn/gn/detail/code/300236/,300236
2023-01-03,蒙脱石散,17,http://q.10jqka.com.cn/gn/detail/code/309044/,309044
2022-12-26,血氧仪,22,http://q.10jqka.com.cn/gn/detail/code/309042/,309042
2022-12-16,新冠特效药,30,http://q.10jqka.com.cn/gn/detail/code/309041/,309041
2022-12-09,POE胶膜,23,http://q.10jqka.com.cn/gn/detail/code/309040/,309040
2022-12-07,熊去氧胆酸,25,http://q.10jqka.com.cn/gn/detail/code/309038/,309038
2022-12-02,抗病毒面料,20,http://q.10jqka.com.cn/gn/detail/code/309035/,309035
2022-12-02,数据确权,47,http://q.10jqka.com.cn/gn/detail/code/309037/,309037
2022-11-28,抗原检测,72,http://q.10jqka.com.cn/gn/detail/code/309031/,309031
2022-11-25,证金持股,215,http://q.10jqka.com.cn/gn/detail/code/301715/,301715
2022-11-25,国企改革,1322,http://q.10jqka.com.cn/gn/detail/code/309034/,309034
2022-11-25,深圳国企改革,30,http://q.10jqka.com.cn/gn/detail/code/301171/,301171
2022-11-25,上海国企改革,73,http://q.10jqka.com.cn/gn/detail/code/301402/,301402
2022-11-25,央企国企改革,438,http://q.10jqka.com.cn/gn/detail/code/301546/,301546
2022-11-21,PET铜箔,25,http://q.10jqka.com.cn/gn/detail/code/309030/,309030
2022-11-16,AIGC概念,62,http://q.10jqka.com.cn/gn/detail/code/309025/,309025
2022-11-13,高压氧舱,10,http://q.10jqka.com.cn/gn/detail/code/309023/,309023
2022-11-09,Web3.0,50,http://q.10jqka.com.cn/gn/detail/code/309022/,309022
2022-10-20,创新药,113,http://q.10jqka.com.cn/gn/detail/code/308014/,308014
2022-09-16,信创,197,http://q.10jqka.com.cn/gn/detail/code/309020/,309020
2022-09-05,有机硅概念,37,http://q.10jqka.com.cn/gn/detail/code/301279/,301279
2022-08-10,空气能热泵,37,http://q.10jqka.com.cn/gn/detail/code/309007/,309007
2022-08-08,先进封装（Chiplet）,40,http://q.10jqka.com.cn/gn/detail/code/309004/,309004
2022-07-28,减速器,37,http://q.10jqka.com.cn/gn/detail/code/309000/,309000
2022-07-20,TOPCON电池,48,http://q.10jqka.com.cn/gn/detail/code/308992/,308992
2022-07-20,钙钛矿电池,33,http://q.10jqka.com.cn/gn/detail/code/308991/,308991
2022-07-18,生物质能发电,33,http://q.10jqka.com.cn/gn/detail/code/308989/,308989
2022-06-27,一体化压铸,29,http://q.10jqka.com.cn/gn/detail/code/308984/,308984
2022-06-13,F5G概念,23,http://q.10jqka.com.cn/gn/detail/code/308977/,308977
2022-06-08,比亚迪概念,343,http://q.10jqka.com.cn/gn/detail/code/308972/,308972
2022-06-07,超超临界发电,69,http://q.10jqka.com.cn/gn/detail/code/308969/,308969
2022-05-25,粮食概念,34,http://q.10jqka.com.cn/gn/detail/code/308956/,308956
2022-05-23,猴痘概念,58,http://q.10jqka.com.cn/gn/detail/code/308941/,308941
2022-05-13,方舱医院,56,http://q.10jqka.com.cn/gn/detail/code/308935/,308935
2022-05-11,噪声防治,16,http://q.10jqka.com.cn/gn/detail/code/308931/,308931
2022-05-07,露营经济,45,http://q.10jqka.com.cn/gn/detail/code/308926/,308926
2022-04-24,肝炎概念,117,http://q.10jqka.com.cn/gn/detail/code/308915/,308915
2022-04-12,统一大市场,83,http://q.10jqka.com.cn/gn/detail/code/308901/,308901
2022-03-28,MicroLED概念,24,http://q.10jqka.com.cn/gn/detail/code/308896/,308896
2022-03-24,毛发医疗,15,http://q.10jqka.com.cn/gn/detail/code/308893/,308893
2022-03-22,恒大概念,51,http://q.10jqka.com.cn/gn/detail/code/302144/,302144
2022-03-21,华为欧拉,19,http://q.10jqka.com.cn/gn/detail/code/308887/,308887
2022-03-21,疫情监测,41,http://q.10jqka.com.cn/gn/detail/code/308888/,308888
2022-03-18,家庭医生,25,http://q.10jqka.com.cn/gn/detail/code/308885/,308885
2022-03-17,华为鲲鹏,53,http://q.10jqka.com.cn/gn/detail/code/308883/,308883
2022-03-17,低辐射玻璃（Low-E）,11,http://q.10jqka.com.cn/gn/detail/code/308876/,308876
2022-03-16,国资云,37,http://q.10jqka.com.cn/gn/detail/code/308874/,308874
2022-03-11,数字经济,192,http://q.10jqka.com.cn/gn/detail/code/308870/,308870
2022-03-11,电子身份证,36,http://q.10jqka.com.cn/gn/detail/code/308869/,308869
2022-03-08,金属铅,17,http://q.10jqka.com.cn/gn/detail/code/308864/,308864
2022-03-06,托育服务,21,http://q.10jqka.com.cn/gn/detail/code/308862/,308862
2022-02-28,跨境支付（CIPS）,47,http://q.10jqka.com.cn/gn/detail/code/308855/,308855
2022-02-27,中俄贸易概念,89,http://q.10jqka.com.cn/gn/detail/code/308854/,308854
2022-02-24,俄乌冲突概念,66,http://q.10jqka.com.cn/gn/detail/code/308850/,308850
2022-02-23,东数西算（算力）,79,http://q.10jqka.com.cn/gn/detail/code/308828/,308828
2022-02-18,智慧灯杆,31,http://q.10jqka.com.cn/gn/detail/code/308841/,308841
2022-02-17,土壤修复,70,http://q.10jqka.com.cn/gn/detail/code/300925/,300925
2022-01-28,民爆概念,18,http://q.10jqka.com.cn/gn/detail/code/308834/,308834
2022-01-27,股权转让,126,http://q.10jqka.com.cn/gn/detail/code/302154/,302154
2022-01-27,PCB概念,49,http://q.10jqka.com.cn/gn/detail/code/308832/,308832
2022-01-27,抖音概念,96,http://q.10jqka.com.cn/gn/detail/code/308366/,308366
2022-01-26,硅能源,35,http://q.10jqka.com.cn/gn/detail/code/308829/,308829
2022-01-17,重组蛋白,16,http://q.10jqka.com.cn/gn/detail/code/308822/,308822
2022-01-14,新冠治疗,107,http://q.10jqka.com.cn/gn/detail/code/308820/,308820
2022-01-07,电子纸,17,http://q.10jqka.com.cn/gn/detail/code/301135/,301135
2022-01-05,幽门螺杆菌概念,63,http://q.10jqka.com.cn/gn/detail/code/308818/,308818
2022-01-04,预制菜,90,http://q.10jqka.com.cn/gn/detail/code/308814/,308814
2021-12-28,沪股通,594,http://q.10jqka.com.cn/gn/detail/code/301490/,301490
2021-12-15,柔性直流输电,44,http://q.10jqka.com.cn/gn/detail/code/308810/,308810
2021-12-14,DRG/DIP概念,14,http://q.10jqka.com.cn/gn/detail/code/308809/,308809
2021-12-06,高压快充,40,http://q.10jqka.com.cn/gn/detail/code/308806/,308806
2021-12-06,汽车热管理,80,http://q.10jqka.com.cn/gn/detail/code/308805/,308805
2021-12-03,EDR概念,18,http://q.10jqka.com.cn/gn/detail/code/308803/,308803
2021-11-29,新股与次新股,416,http://q.10jqka.com.cn/gn/detail/code/300870/,300870
2021-11-29,新型烟草,44,http://q.10jqka.com.cn/gn/detail/code/301362/,301362
2021-11-29,数据安全,61,http://q.10jqka.com.cn/gn/detail/code/308801/,308801
2021-11-16,虚拟数字人,71,http://q.10jqka.com.cn/gn/detail/code/308794/,308794
2021-11-04,智能制造,105,http://q.10jqka.com.cn/gn/detail/code/308792/,308792
2021-11-03,WiFi 6,25,http://q.10jqka.com.cn/gn/detail/code/308791/,308791
2021-10-18,换电概念,51,http://q.10jqka.com.cn/gn/detail/code/308775/,308775
2021-10-15,培育钻石,13,http://q.10jqka.com.cn/gn/detail/code/308774/,308774
2021-09-23,年报预增,553,http://q.10jqka.com.cn/gn/detail/code/308458/,308458
2021-09-22,绿色电力,140,http://q.10jqka.com.cn/gn/detail/code/308760/,308760
2021-09-22,虚拟电厂,52,http://q.10jqka.com.cn/gn/detail/code/308761/,308761
2021-09-08,抽水蓄能,37,http://q.10jqka.com.cn/gn/detail/code/308753/,308753
2021-09-08,元宇宙,150,http://q.10jqka.com.cn/gn/detail/code/308752/,308752
2021-09-07,NFT概念,63,http://q.10jqka.com.cn/gn/detail/code/308748/,308748
2021-09-02,PVDF概念,11,http://q.10jqka.com.cn/gn/detail/code/308742/,308742
2021-09-02,北交所概念,20,http://q.10jqka.com.cn/gn/detail/code/308743/,308743
2021-08-23,工业母机,63,http://q.10jqka.com.cn/gn/detail/code/300941/,300941
2021-08-12,专精特新,615,http://q.10jqka.com.cn/gn/detail/code/308740/,308740
2021-07-14,钠离子电池,64,http://q.10jqka.com.cn/gn/detail/code/301096/,301096
2021-07-06,CRO概念,35,http://q.10jqka.com.cn/gn/detail/code/308734/,308734
2021-07-05,富媒体,30,http://q.10jqka.com.cn/gn/detail/code/308648/,308648
2021-06-21,牙科医疗,23,http://q.10jqka.com.cn/gn/detail/code/308733/,308733
2021-06-21,MCU芯片,40,http://q.10jqka.com.cn/gn/detail/code/308300/,308300
2021-06-11,共同富裕示范区,138,http://q.10jqka.com.cn/gn/detail/code/308732/,308732
2021-06-02,鸿蒙概念,40,http://q.10jqka.com.cn/gn/detail/code/308731/,308731
2021-05-10,天然气,127,http://q.10jqka.com.cn/gn/detail/code/300358/,300358
2021-05-10,食品安全,40,http://q.10jqka.com.cn/gn/detail/code/300023/,300023
2021-05-10,新材料概念,308,http://q.10jqka.com.cn/gn/detail/code/300883/,300883
2021-05-10,农业种植,48,http://q.10jqka.com.cn/gn/detail/code/308016/,308016
2021-05-10,生态农业,35,http://q.10jqka.com.cn/gn/detail/code/300923/,300923
2021-05-10,特钢概念,24,http://q.10jqka.com.cn/gn/detail/code/300845/,300845
2021-05-10,期货概念,72,http://q.10jqka.com.cn/gn/detail/code/300220/,300220
2021-05-10,猪肉,31,http://q.10jqka.com.cn/gn/detail/code/300451/,300451
2021-04-22,储能,316,http://q.10jqka.com.cn/gn/detail/code/306380/,306380
2021-04-16,华为汽车,72,http://q.10jqka.com.cn/gn/detail/code/308507/,308507
2021-03-10,中芯国际概念,52,http://q.10jqka.com.cn/gn/detail/code/308690/,308690
2021-03-08,光伏建筑一体化,88,http://q.10jqka.com.cn/gn/detail/code/308729/,308729
2021-03-01,碳中和,142,http://q.10jqka.com.cn/gn/detail/code/308728/,308728
2021-02-20,数据中心,186,http://q.10jqka.com.cn/gn/detail/code/308642/,308642
2021-02-20,碳交易,40,http://q.10jqka.com.cn/gn/detail/code/300931/,300931
2021-02-20,传感器,69,http://q.10jqka.com.cn/gn/detail/code/301016/,301016
2021-02-20,REITs概念,37,http://q.10jqka.com.cn/gn/detail/code/308651/,308651
2021-02-18,光刻胶,42,http://q.10jqka.com.cn/gn/detail/code/308582/,308582
2021-02-18,农机,34,http://q.10jqka.com.cn/gn/detail/code/301306/,301306
2021-02-18,仿制药一致性评价,84,http://q.10jqka.com.cn/gn/detail/code/308572/,308572
2021-02-18,无线充电,33,http://q.10jqka.com.cn/gn/detail/code/300723/,300723
2021-02-18,安防,106,http://q.10jqka.com.cn/gn/detail/code/300800/,300800
2021-02-18,网络安全,129,http://q.10jqka.com.cn/gn/detail/code/300756/,300756
2021-02-18,消费电子概念,156,http://q.10jqka.com.cn/gn/detail/code/308384/,308384
2021-02-18,氢能源,182,http://q.10jqka.com.cn/gn/detail/code/308491/,308491
2021-02-09,汽车芯片,54,http://q.10jqka.com.cn/gn/detail/code/308725/,308725
2021-02-04,知识产权保护,49,http://q.10jqka.com.cn/gn/detail/code/308172/,308172
2021-02-04,机器人概念,360,http://q.10jqka.com.cn/gn/detail/code/300816/,300816
2021-02-04,煤化工,77,http://q.10jqka.com.cn/gn/detail/code/300084/,300084
2021-02-04,自由贸易港,28,http://q.10jqka.com.cn/gn/detail/code/306398/,306398
2021-02-04,智能家居,116,http://q.10jqka.com.cn/gn/detail/code/300920/,300920
2021-02-03,供应链金融,53,http://q.10jqka.com.cn/gn/detail/code/301284/,301284
2021-02-03,长三角一体化,133,http://q.10jqka.com.cn/gn/detail/code/308432/,308432
2021-02-03,富士康概念,52,http://q.10jqka.com.cn/gn/detail/code/307954/,307954
2021-02-03,数字乡村,59,http://q.10jqka.com.cn/gn/detail/code/308525/,308525
2021-02-03,禽流感,30,http://q.10jqka.com.cn/gn/detail/code/300075/,300075
2021-02-03,在线旅游,29,http://q.10jqka.com.cn/gn/detail/code/301223/,301223
2021-02-01,网络直播,113,http://q.10jqka.com.cn/gn/detail/code/302059/,302059
2021-02-01,3D打印,60,http://q.10jqka.com.cn/gn/detail/code/300127/,300127
2021-02-01,租售同权,20,http://q.10jqka.com.cn/gn/detail/code/302034/,302034
2021-01-29,云游戏,22,http://q.10jqka.com.cn/gn/detail/code/308624/,308624
2021-01-29,工业4.0,203,http://q.10jqka.com.cn/gn/detail/code/301620/,301620
2021-01-29,两轮车,18,http://q.10jqka.com.cn/gn/detail/code/301248/,301248
2021-01-28,ETC,40,http://q.10jqka.com.cn/gn/detail/code/308555/,308555
2021-01-28,丙烯酸,7,http://q.10jqka.com.cn/gn/detail/code/305376/,305376
2021-01-28,供销社,15,http://q.10jqka.com.cn/gn/detail/code/301669/,301669
2021-01-27,军民融合,134,http://q.10jqka.com.cn/gn/detail/code/301786/,301786
2021-01-27,海工装备,35,http://q.10jqka.com.cn/gn/detail/code/300105/,300105
2021-01-27,HJT电池,46,http://q.10jqka.com.cn/gn/detail/code/308632/,308632
2021-01-26,民营医院,64,http://q.10jqka.com.cn/gn/detail/code/301346/,301346
2021-01-26,智慧政务,113,http://q.10jqka.com.cn/gn/detail/code/308606/,308606
2021-01-25,新型城镇化,122,http://q.10jqka.com.cn/gn/detail/code/300841/,300841
2021-01-22,基因测序,48,http://q.10jqka.com.cn/gn/detail/code/301146/,301146
2021-01-22,在线教育,120,http://q.10jqka.com.cn/gn/detail/code/301227/,301227
2021-01-22,健康中国,107,http://q.10jqka.com.cn/gn/detail/code/301799/,301799
2021-01-22,转基因,11,http://q.10jqka.com.cn/gn/detail/code/300435/,300435
2021-01-22,车联网,97,http://q.10jqka.com.cn/gn/detail/code/300163/,300163
2021-01-22,云计算,193,http://q.10jqka.com.cn/gn/detail/code/300419/,300419
2021-01-22,赛马概念,9,http://q.10jqka.com.cn/gn/detail/code/301602/,301602
2021-01-22,烟草,29,http://q.10jqka.com.cn/gn/detail/code/308560/,308560
2021-01-22,工业互联网,164,http://q.10jqka.com.cn/gn/detail/code/301780/,301780
2021-01-22,节能环保,249,http://q.10jqka.com.cn/gn/detail/code/300730/,300730
2021-01-22,举牌,20,http://q.10jqka.com.cn/gn/detail/code/300269/,300269
2021-01-22,职业教育,95,http://q.10jqka.com.cn/gn/detail/code/301539/,301539
2021-01-22,垃圾分类,89,http://q.10jqka.com.cn/gn/detail/code/308566/,308566
2021-01-22,OLED,120,http://q.10jqka.com.cn/gn/detail/code/301154/,301154
2021-01-22,拼多多概念,17,http://q.10jqka.com.cn/gn/detail/code/308709/,308709
2021-01-22,互联网金融,122,http://q.10jqka.com.cn/gn/detail/code/301209/,301209
2021-01-21,新冠检测,106,http://q.10jqka.com.cn/gn/detail/code/308719/,308719
2021-01-19,同花顺漂亮100,101,http://q.10jqka.com.cn/gn/detail/code/308718/,308718
2021-01-07,物业管理,72,http://q.10jqka.com.cn/gn/detail/code/308717/,308717
2021-01-05,特斯拉,213,http://q.10jqka.com.cn/gn/detail/code/301121/,301121
2020-12-18,电力物联网,57,http://q.10jqka.com.cn/gn/detail/code/308477/,308477
2020-12-18,钒电池,26,http://q.10jqka.com.cn/gn/detail/code/301174/,301174
2020-12-18,煤炭概念,66,http://q.10jqka.com.cn/gn/detail/code/308716/,308716
2020-11-16,医美概念,63,http://q.10jqka.com.cn/gn/detail/code/308712/,308712
2020-11-09,社区团购,30,http://q.10jqka.com.cn/gn/detail/code/308710/,308710
2020-10-22,辅助生殖,59,http://q.10jqka.com.cn/gn/detail/code/308708/,308708
2020-09-04,第三代半导体,74,http://q.10jqka.com.cn/gn/detail/code/308700/,308700
2020-08-21,科创次新股,116,http://q.10jqka.com.cn/gn/detail/code/308699/,308699
2020-08-21,核准制次新股,67,http://q.10jqka.com.cn/gn/detail/code/308698/,308698
2020-08-21,注册制次新股,137,http://q.10jqka.com.cn/gn/detail/code/308697/,308697
2020-08-13,代糖概念,18,http://q.10jqka.com.cn/gn/detail/code/308696/,308696
2020-08-04,可降解塑料,61,http://q.10jqka.com.cn/gn/detail/code/301117/,301117
2020-08-04,汽车拆解概念,14,http://q.10jqka.com.cn/gn/detail/code/308694/,308694
2020-07-14,NMN概念,22,http://q.10jqka.com.cn/gn/detail/code/308692/,308692
2020-06-02,海南自贸区,31,http://q.10jqka.com.cn/gn/detail/code/308428/,308428
2020-06-02,快手概念,33,http://q.10jqka.com.cn/gn/detail/code/308659/,308659
2020-06-02,室外经济,24,http://q.10jqka.com.cn/gn/detail/code/308661/,308661
2020-05-29,免税店,34,http://q.10jqka.com.cn/gn/detail/code/308657/,308657
2020-05-19,国家大基金持股,42,http://q.10jqka.com.cn/gn/detail/code/307816/,307816
2020-04-24,参股保险,86,http://q.10jqka.com.cn/gn/detail/code/300018/,300018
2020-04-24,装配式建筑,86,http://q.10jqka.com.cn/gn/detail/code/305794/,305794
2020-04-24,大飞机,84,http://q.10jqka.com.cn/gn/detail/code/300013/,300013
2020-04-24,大豆,10,http://q.10jqka.com.cn/gn/detail/code/301123/,301123
2020-03-27,C2M概念,36,http://q.10jqka.com.cn/gn/detail/code/308646/,308646
2020-02-06,医疗废物处理,33,http://q.10jqka.com.cn/gn/detail/code/308638/,308638
2020-02-05,消毒剂,58,http://q.10jqka.com.cn/gn/detail/code/308636/,308636
2020-02-02,云办公,35,http://q.10jqka.com.cn/gn/detail/code/308634/,308634
2019-12-26,网红经济,77,http://q.10jqka.com.cn/gn/detail/code/308630/,308630
2019-12-16,MiniLED,65,http://q.10jqka.com.cn/gn/detail/code/308628/,308628
2019-12-03,胎压监测,28,http://q.10jqka.com.cn/gn/detail/code/308620/,308620
2019-11-04,无线耳机,83,http://q.10jqka.com.cn/gn/detail/code/308612/,308612
2019-09-20,标普道琼斯A股,1087,http://q.10jqka.com.cn/gn/detail/code/308594/,308594
2019-08-26,分拆上市意愿,72,http://q.10jqka.com.cn/gn/detail/code/308590/,308590
2019-08-05,宠物经济,33,http://q.10jqka.com.cn/gn/detail/code/308588/,308588
2019-07-31,新零售,191,http://q.10jqka.com.cn/gn/detail/code/302436/,302436
2019-06-20,创业板重组松绑,177,http://q.10jqka.com.cn/gn/detail/code/308568/,308568
2019-06-04,黑龙江自贸区,40,http://q.10jqka.com.cn/gn/detail/code/308547/,308547
2019-05-24,动物疫苗,16,http://q.10jqka.com.cn/gn/detail/code/308537/,308537
2019-05-20,国产操作系统,60,http://q.10jqka.com.cn/gn/detail/code/308531/,308531
2019-05-17,华为海思概念股,22,http://q.10jqka.com.cn/gn/detail/code/308527/,308527
2019-05-16,草地贪夜蛾防治,18,http://q.10jqka.com.cn/gn/detail/code/308523/,308523
2019-05-06,人造肉,17,http://q.10jqka.com.cn/gn/detail/code/308517/,308517
2019-04-10,超级真菌,20,http://q.10jqka.com.cn/gn/detail/code/308501/,308501
2019-03-12,数字孪生,74,http://q.10jqka.com.cn/gn/detail/code/308479/,308479
2019-03-04,超清视频,95,http://q.10jqka.com.cn/gn/detail/code/308473/,308473
2019-02-13,柔性屏,68,http://q.10jqka.com.cn/gn/detail/code/308467/,308467
2019-02-11,养鸡,21,http://q.10jqka.com.cn/gn/detail/code/301576/,301576
2018-12-03,芬太尼,6,http://q.10jqka.com.cn/gn/detail/code/308438/,308438
2018-05-10,送转填权,2,http://q.10jqka.com.cn/gn/detail/code/308296/,308296
2018-04-21,环氧丙烷,14,http://q.10jqka.com.cn/gn/detail/code/308202/,308202
2018-03-02,独角兽概念,106,http://q.10jqka.com.cn/gn/detail/code/308002/,308002
2018-02-01,盐湖提锂,44,http://q.10jqka.com.cn/gn/detail/code/307904/,307904
2018-01-08,动力电池回收,52,http://q.10jqka.com.cn/gn/detail/code/307822/,307822
2018-01-08,水泥概念,37,http://q.10jqka.com.cn/gn/detail/code/307826/,307826
2017-12-11,冰雪产业,17,http://q.10jqka.com.cn/gn/detail/code/307550/,307550
2017-12-08,石墨电极,16,http://q.10jqka.com.cn/gn/detail/code/307512/,307512
2017-12-01,边缘计算,103,http://q.10jqka.com.cn/gn/detail/code/307408/,307408
2017-11-12,宁德时代概念,189,http://q.10jqka.com.cn/gn/detail/code/306912/,306912
2017-10-30,超级品牌,31,http://q.10jqka.com.cn/gn/detail/code/306750/,306750
2017-09-14,燃料乙醇,5,http://q.10jqka.com.cn/gn/detail/code/305790/,305790
2017-07-05,无人零售,18,http://q.10jqka.com.cn/gn/detail/code/304756/,304756
2017-06-13,MSCI概念,574,http://q.10jqka.com.cn/gn/detail/code/303944/,303944
2017-06-02,特色小镇,35,http://q.10jqka.com.cn/gn/detail/code/302674/,302674
2017-04-02,雄安新区,187,http://q.10jqka.com.cn/gn/detail/code/302182/,302182
2017-02-22,钴,28,http://q.10jqka.com.cn/gn/detail/code/302174/,302174
2016-12-15,共享单车,10,http://q.10jqka.com.cn/gn/detail/code/302166/,302166
2016-09-29,网约车,20,http://q.10jqka.com.cn/gn/detail/code/302142/,302142
2016-09-11,人民币贬值受益,346,http://q.10jqka.com.cn/gn/detail/code/301726/,301726
2016-09-10,可燃冰,12,http://q.10jqka.com.cn/gn/detail/code/300277/,300277
2016-09-06,燃料电池,162,http://q.10jqka.com.cn/gn/detail/code/300316/,300316
2016-09-06,区块链,237,http://q.10jqka.com.cn/gn/detail/code/302045/,302045
2016-08-22,蚂蚁金服概念,55,http://q.10jqka.com.cn/gn/detail/code/302150/,302150
2016-08-06,债转股(AMC概念),52,http://q.10jqka.com.cn/gn/detail/code/302046/,302046
2016-06-08,智能音箱,22,http://q.10jqka.com.cn/gn/detail/code/302131/,302131
2016-03-08,人工智能,339,http://q.10jqka.com.cn/gn/detail/code/302035/,302035
2016-02-22,电子竞技,31,http://q.10jqka.com.cn/gn/detail/code/302027/,302027
2016-02-14,腾讯概念,111,http://q.10jqka.com.cn/gn/detail/code/302010/,302010
2016-01-21,数字货币,70,http://q.10jqka.com.cn/gn/detail/code/301997/,301997
2015-10-21,智能物流,79,http://q.10jqka.com.cn/gn/detail/code/301797/,301797
2015-10-08,青蒿素,10,http://q.10jqka.com.cn/gn/detail/code/301794/,301794
2015-09-08,杭州亚运会,69,http://q.10jqka.com.cn/gn/detail/code/301783/,301783
2015-07-24,中船系,10,http://q.10jqka.com.cn/gn/detail/code/301713/,301713
2015-06-10,虚拟现实,228,http://q.10jqka.com.cn/gn/detail/code/301699/,301699
2015-04-16,智能交通,96,http://q.10jqka.com.cn/gn/detail/code/300440/,300440
2015-03-25,互联网医疗,95,http://q.10jqka.com.cn/gn/detail/code/300444/,300444
2015-01-07,深股通,900,http://q.10jqka.com.cn/gn/detail/code/301636/,301636
2014-12-23,农村电商,38,http://q.10jqka.com.cn/gn/detail/code/301632/,301632
2014-12-19,广东自贸区,23,http://q.10jqka.com.cn/gn/detail/code/301630/,301630
2014-12-11,互联网保险,18,http://q.10jqka.com.cn/gn/detail/code/301628/,301628
2014-12-04,地下管网,62,http://q.10jqka.com.cn/gn/detail/code/301623/,301623
2014-12-04,PPP概念,170,http://q.10jqka.com.cn/gn/detail/code/301624/,301624
2014-10-28,壳资源,71,http://q.10jqka.com.cn/gn/detail/code/301610/,301610
2014-10-23,体育产业,76,http://q.10jqka.com.cn/gn/detail/code/301605/,301605
2014-10-08,玉米,20,http://q.10jqka.com.cn/gn/detail/code/301572/,301572
2014-10-08,金属铜,35,http://q.10jqka.com.cn/gn/detail/code/301577/,301577
2014-10-08,金属锌,20,http://q.10jqka.com.cn/gn/detail/code/301582/,301582
2014-09-24,医药电商,56,http://q.10jqka.com.cn/gn/detail/code/301565/,301565
2014-09-23,跨境电商,140,http://q.10jqka.com.cn/gn/detail/code/301564/,301564
2014-08-28,阿里巴巴概念,107,http://q.10jqka.com.cn/gn/detail/code/301558/,301558
2014-07-04,细胞免疫治疗,29,http://q.10jqka.com.cn/gn/detail/code/301543/,301543
2014-07-02,中韩自贸区,11,http://q.10jqka.com.cn/gn/detail/code/301541/,301541
2014-06-13,首发新股,26,http://q.10jqka.com.cn/gn/detail/code/301531/,301531
2014-05-20,国产软件,202,http://q.10jqka.com.cn/gn/detail/code/301524/,301524
2014-05-19,集成电路概念,187,http://q.10jqka.com.cn/gn/detail/code/301522/,301522
2014-05-13,高铁,84,http://q.10jqka.com.cn/gn/detail/code/301518/,301518
2014-04-29,金属镍,26,http://q.10jqka.com.cn/gn/detail/code/301511/,301511
2014-04-26,医疗器械概念,283,http://q.10jqka.com.cn/gn/detail/code/301505/,301505
2014-04-14,白酒概念,47,http://q.10jqka.com.cn/gn/detail/code/301496/,301496
2014-04-14,啤酒概念,18,http://q.10jqka.com.cn/gn/detail/code/301497/,301497
2014-04-12,养老概念,98,http://q.10jqka.com.cn/gn/detail/code/301494/,301494
2014-04-11,粤港澳大湾区,177,http://q.10jqka.com.cn/gn/detail/code/301491/,301491
2014-01-07,工业大麻,49,http://q.10jqka.com.cn/gn/detail/code/301477/,301477
2013-12-31,汽车电子,200,http://q.10jqka.com.cn/gn/detail/code/301471/,301471
2013-12-24,航空发动机,41,http://q.10jqka.com.cn/gn/detail/code/301470/,301470
2013-12-11,华为概念,617,http://q.10jqka.com.cn/gn/detail/code/301459/,301459
2013-11-26,摘帽,62,http://q.10jqka.com.cn/gn/detail/code/301455/,301455
2013-10-24,口罩,161,http://q.10jqka.com.cn/gn/detail/code/301414/,301414
2013-09-12,信托概念,25,http://q.10jqka.com.cn/gn/detail/code/301377/,301377
2013-09-09,一带一路,343,http://q.10jqka.com.cn/gn/detail/code/301365/,301365
2013-07-30,染料,14,http://q.10jqka.com.cn/gn/detail/code/301292/,301292
2013-07-26,无人驾驶,125,http://q.10jqka.com.cn/gn/detail/code/301286/,301286
2013-07-24,小米概念,193,http://q.10jqka.com.cn/gn/detail/code/301278/,301278
2013-07-22,参股银行,140,http://q.10jqka.com.cn/gn/detail/code/301270/,301270
2013-07-17,机器视觉,86,http://q.10jqka.com.cn/gn/detail/code/301258/,301258
2013-07-17,百度概念,87,http://q.10jqka.com.cn/gn/detail/code/301259/,301259
2013-07-16,互联网彩票,15,http://q.10jqka.com.cn/gn/detail/code/301249/,301249
2013-07-16,眼科医疗,40,http://q.10jqka.com.cn/gn/detail/code/301252/,301252
2013-07-11,福建自贸区,19,http://q.10jqka.com.cn/gn/detail/code/301236/,301236
2013-07-10,天津自贸区,14,http://q.10jqka.com.cn/gn/detail/code/301229/,301229
2013-05-30,冷链物流,122,http://q.10jqka.com.cn/gn/detail/code/301179/,301179
2013-05-29,智能穿戴,68,http://q.10jqka.com.cn/gn/detail/code/301175/,301175
2013-05-24,人脸识别,66,http://q.10jqka.com.cn/gn/detail/code/301166/,301166
2013-05-14,上海自贸区,45,http://q.10jqka.com.cn/gn/detail/code/301128/,301128
2013-05-07,化肥,52,http://q.10jqka.com.cn/gn/detail/code/301104/,301104
2013-05-07,金属回收,22,http://q.10jqka.com.cn/gn/detail/code/301107/,301107
2013-05-06,足球概念,22,http://q.10jqka.com.cn/gn/detail/code/301100/,301100
2013-04-25,芯片概念,388,http://q.10jqka.com.cn/gn/detail/code/301085/,301085
2013-04-24,光伏概念,436,http://q.10jqka.com.cn/gn/detail/code/301079/,301079
2013-04-17,手机游戏,54,http://q.10jqka.com.cn/gn/detail/code/301050/,301050
2013-04-15,净水概念,16,http://q.10jqka.com.cn/gn/detail/code/301032/,301032
2013-04-01,乳业,31,http://q.10jqka.com.cn/gn/detail/code/300983/,300983
2013-03-28,航运概念,31,http://q.10jqka.com.cn/gn/detail/code/300973/,300973
2013-03-06,超级电容,29,http://q.10jqka.com.cn/gn/detail/code/300926/,300926
2013-02-27,语音技术,13,http://q.10jqka.com.cn/gn/detail/code/300917/,300917
2013-02-05,融资融券,3181,http://q.10jqka.com.cn/gn/detail/code/300900/,300900
2013-01-24,三胎概念,125,http://q.10jqka.com.cn/gn/detail/code/300891/,300891
2013-01-21,高端装备,206,http://q.10jqka.com.cn/gn/detail/code/300890/,300890
2013-01-11,无人机,109,http://q.10jqka.com.cn/gn/detail/code/300889/,300889
2012-12-20,ST板块,133,http://q.10jqka.com.cn/gn/detail/code/300862/,300862
2012-12-19,土地流转,38,http://q.10jqka.com.cn/gn/detail/code/300858/,300858
2012-12-05,5G,308,http://q.10jqka.com.cn/gn/detail/code/300843/,300843
2012-11-23,乡村振兴,207,http://q.10jqka.com.cn/gn/detail/code/300836/,300836
2012-11-22,大数据,266,http://q.10jqka.com.cn/gn/detail/code/300835/,300835
2012-11-10,量子科技,37,http://q.10jqka.com.cn/gn/detail/code/300830/,300830
2012-11-02,小金属概念,129,http://q.10jqka.com.cn/gn/detail/code/300809/,300809
2012-11-02,家用电器,80,http://q.10jqka.com.cn/gn/detail/code/300814/,300814
2012-10-31,文化传媒,184,http://q.10jqka.com.cn/gn/detail/code/300806/,300806
2012-10-09,充电桩,191,http://q.10jqka.com.cn/gn/detail/code/300786/,300786
2012-10-07,稀缺资源,44,http://q.10jqka.com.cn/gn/detail/code/300777/,300777
2012-09-26,生物医药,175,http://q.10jqka.com.cn/gn/detail/code/300769/,300769
2012-09-21,锂电池,346,http://q.10jqka.com.cn/gn/detail/code/300733/,300733
2012-09-20,卫星导航,92,http://q.10jqka.com.cn/gn/detail/code/300722/,300722
2012-09-19,中字头股票,130,http://q.10jqka.com.cn/gn/detail/code/300704/,300704
2012-09-19,世界杯,42,http://q.10jqka.com.cn/gn/detail/code/300714/,300714
2012-09-18,智能医疗,71,http://q.10jqka.com.cn/gn/detail/code/300682/,300682
2012-09-11,智慧城市,226,http://q.10jqka.com.cn/gn/detail/code/300642/,300642
2012-09-10,电子商务,329,http://q.10jqka.com.cn/gn/detail/code/300186/,300186
2012-09-10,移动支付,69,http://q.10jqka.com.cn/gn/detail/code/300188/,300188
2012-09-10,风电,220,http://q.10jqka.com.cn/gn/detail/code/300200/,300200
2012-09-10,固废处理,106,http://q.10jqka.com.cn/gn/detail/code/300221/,300221
2012-09-10,光热发电,29,http://q.10jqka.com.cn/gn/detail/code/300223/,300223
2012-09-10,石墨烯,70,http://q.10jqka.com.cn/gn/detail/code/300337/,300337
2012-09-10,碳纤维,30,http://q.10jqka.com.cn/gn/detail/code/300352/,300352
2012-09-10,特高压,86,http://q.10jqka.com.cn/gn/detail/code/300353/,300353
2012-09-10,通用航空,30,http://q.10jqka.com.cn/gn/detail/code/300362/,300362
2012-09-10,污水处理,161,http://q.10jqka.com.cn/gn/detail/code/300374/,300374
2012-09-10,物联网,265,http://q.10jqka.com.cn/gn/detail/code/300378/,300378
2012-09-10,稀土永磁,50,http://q.10jqka.com.cn/gn/detail/code/300382/,300382
2012-09-10,新疆振兴,57,http://q.10jqka.com.cn/gn/detail/code/300386/,300386
2012-09-10,参股新三板,168,http://q.10jqka.com.cn/gn/detail/code/300389/,300389
2012-09-10,页岩气,36,http://q.10jqka.com.cn/gn/detail/code/300402/,300402
2012-09-05,网络游戏,60,http://q.10jqka.com.cn/gn/detail/code/300019/,300019
2012-09-05,智能电网,152,http://q.10jqka.com.cn/gn/detail/code/300037/,300037
2012-09-05,流感,109,http://q.10jqka.com.cn/gn/detail/code/300038/,300038
2012-09-05,节能照明,80,http://q.10jqka.com.cn/gn/detail/code/300053/,300053
2012-09-05,京津冀一体化,75,http://q.10jqka.com.cn/gn/detail/code/300061/,300061
2012-09-05,海峡两岸,25,http://q.10jqka.com.cn/gn/detail/code/300066/,300066
2012-09-05,军工,478,http://q.10jqka.com.cn/gn/detail/code/300082/,300082
2012-09-05,氟化工概念,24,http://q.10jqka.com.cn/gn/detail/code/300085/,300085
2012-09-05,横琴新区,47,http://q.10jqka.com.cn/gn/detail/code/300087/,300087
2012-09-05,磷化工,44,http://q.10jqka.com.cn/gn/detail/code/300098/,300098
2012-09-05,参股券商,118,http://q.10jqka.com.cn/gn/detail/code/300100/,300100
2012-09-05,生物疫苗,55,http://q.10jqka.com.cn/gn/detail/code/300106/,300106
,草甘膦,,http://q.10jqka.com.cn/gn/detail/code/300157/,300157
,创投,,http://q.10jqka.com.cn/gn/detail/code/300168/,300168
,国家大基金持股 ,,http://q.10jqka.com.cn/gn/detail/code/307816/,307816
,核电,,http://q.10jqka.com.cn/gn/detail/code/300238/,300238
,黄金概念,,http://q.10jqka.com.cn/gn/detail/code/300248/,300248
,建筑节能,,http://q.10jqka.com.cn/gn/detail/code/300261/,300261
,金改,,http://q.10jqka.com.cn/gn/detail/code/300265/,300265
,苹果概念,,http://q.10jqka.com.cn/gn/detail/code/300309/,300309
,PM2.5,,http://q.10jqka.com.cn/gn/detail/code/300134/,300134
,水利,,http://q.10jqka.com.cn/gn/detail/code/300345/,300345
,钛白粉概念,,http://q.10jqka.com.cn/gn/detail/code/300351/,300351
,新能源汽车,,http://q.10jqka.com.cn/gn/detail/code/300008/,300008
